seed,proposal_index,query_id,product_id,action,target_rank,mean_scenario_replication_utility_delta,relevant_discovery_delta,irrelevant_exposure_delta,false_warmup_delta,worst_scenario_utility_delta,p10_scenario_replication_utility_delta,benefit_positive,no_irrelevant_increase,no_false_warmup_increase,nonnegative_worst_utility,nonnegative_p10_utility,irrelevant_exposure_increase,false_warmup_increase,negative_worst_scenario_utility,negative_p10_scenario_utility,utility_prediction_baseline,utility_prediction_model,irrelevant_exposure_increase_probability_baseline,irrelevant_exposure_increase_probability_model,false_warmup_increase_probability_baseline,false_warmup_increase_probability_model,negative_worst_scenario_utility_probability_baseline,negative_worst_scenario_utility_probability_model,negative_p10_scenario_utility_probability_baseline,negative_p10_scenario_utility_probability_model,oracle_action,oracle_target_rank,oracle_utility,utility_regret,oracle_action_hit,strict_safe_improving,core_safe_improving
263,1,10,90,PLACE_AT_1,1,1.3599999999999963,3.6000000000001364,-2.3999999999999773,0.0,-0.6400000000000091,-4.519999999999982,True,True,True,False,False,0,0,1,1,2.2317777777777774,2.3705499683326843,0.4666666666666667,0.3449764090654425,0.20833333333333334,0.3585464657831086,0.48333333333333334,0.32787698412698413,0.95,0.9540845194132374,PLACE_AT_1,1,1.3599999999999963,0.0,1,0,0
263,2,12,212,PLACE_AT_1,1,1.4,4.2000000000000455,2.0,-0.1999999999999997,0.0800000000000068,-3.8399999999999865,True,False,True,True,False,1,0,0,1,2.2317777777777774,3.3340460820346323,0.4666666666666667,0.45696931205021246,0.20833333333333334,0.12777144576544402,0.48333333333333334,0.3147490900106144,0.95,0.9615087992848173,PLACE_AT_2,2,2.8399999999999994,1.4399999999999995,0,0,0
263,3,18,82,PLACE_AT_1,1,3.306666666666666,9.799999999999956,-2.599999999999909,0.2000000000000001,-1.9199999999999988,-5.639999999999992,True,True,False,False,False,0,1,1,1,2.2317777777777774,2.2329718762666473,0.4666666666666667,0.36116622410772337,0.20833333333333334,0.1306701195252298,0.48333333333333334,0.5306517000804151,0.95,0.9620919101236357,PLACE_AT_2,2,3.600000000000004,0.2933333333333379,0,0,0
263,4,24,64,PLACE_AT_1,1,1.8666666666666705,7.2000000000000455,8.0,0.0,0.6,-2.0,True,False,True,True,False,1,0,0,1,2.2317777777777774,1.1414818814121896,0.4666666666666667,0.5064299554674018,0.20833333333333334,0.2593181356729592,0.48333333333333334,0.4879822800369312,0.95,0.9226953416798489,PLACE_AT_1,1,1.8666666666666705,0.0,1,0,0
263,5,36,260,PLACE_AT_1,1,2.346666666666664,5.400000000000091,-2.199999999999932,-0.5999999999999996,-1.6,-5.0,True,True,True,False,False,0,0,1,1,2.2317777777777774,1.0167471724001933,0.4666666666666667,0.6089146596212913,0.20833333333333334,0.09557863966213426,0.48333333333333334,0.6175454234138741,0.95,0.9688625686012828,PLACE_AT_3,3,2.9066666666666645,0.5600000000000005,0,0,0
263,6,41,153,PLACE_AT_1,1,2.360000000000006,8.600000000000136,-0.3999999999999772,0.8000000000000003,0.9600000000000024,-2.4399999999999973,True,True,False,True,False,0,1,0,1,2.2317777777777774,3.2395981826048326,0.4666666666666667,0.34140042387914693,0.20833333333333334,0.13389183374068,0.48333333333333334,0.5040119318476747,0.95,0.9571395687586547,PLACE_AT_3,3,3.3200000000000047,0.9599999999999986,0,0,0
263,7,42,90,PLACE_AT_1,1,1.8400000000000072,5.2000000000000455,2.400000000000091,-0.3999999999999999,-0.559999999999991,-9.599999999999964,True,False,True,False,False,1,0,1,1,2.2317777777777774,-0.10893846170502453,0.4666666666666667,0.23111511958468603,0.20833333333333334,0.3133366709086488,0.48333333333333334,0.5642068495692636,0.95,0.9591646505981479,PLACE_AT_1,1,1.8400000000000072,0.0,1,0,0
263,8,45,125,PLACE_AT_1,1,3.0666666666666704,9.400000000000093,3.0,-0.1999999999999997,0.8000000000000114,-1.6,True,False,True,True,False,1,0,0,1,2.2317777777777774,0.40807982514186436,0.4666666666666667,0.6446687232628894,0.20833333333333334,0.14870379239184953,0.48333333333333334,0.5829784899967598,0.95,0.9840987098217439,PLACE_AT_1,1,3.0666666666666704,0.0,1,0,0
269,1,3,115,PLACE_AT_1,1,1.1333333333333333,2.6000000000001364,-12.0,0.7999999999999998,-0.6,-5.0,True,True,False,False,False,0,1,1,1,2.320777777777778,1.222731979157391,0.5,0.660434021535224,0.19166666666666668,0.1906495406380322,0.4583333333333333,0.5876703866595507,0.9583333333333334,0.9889862657076987,PLACE_AT_5,5,1.6666666666666647,0.5333333333333314,0,0,0
269,2,5,117,PLACE_AT_1,1,0.7466666666666697,1.6000000000001364,-1.2000000000000457,-0.2000000000000001,-1.6799999999999842,-5.920000000000027,True,True,True,False,False,0,0,1,1,2.320777777777778,2.3223504499535474,0.5,0.3954252197025578,0.19166666666666668,0.1705472694289376,0.4583333333333333,0.5108597761121484,0.9583333333333334,0.9776541552995828,PLACE_AT_1,1,0.7466666666666697,0.0,1,0,0
269,3,12,132,PLACE_AT_1,1,-0.6133333333333364,-1.7999999999999543,0.2000000000000454,0.0,-3.040000000000009,-7.320000000000027,False,False,True,False,False,1,0,1,1,2.320777777777778,1.679799621724099,0.5,0.536545600113916,0.19166666666666668,0.14029183549614946,0.4583333333333333,0.39967721249338883,0.9583333333333334,0.9808337733286258,PLACE_AT_10,10,0.6,1.2133333333333365,0,0,0
269,4,15,303,PLACE_AT_1,1,3.493333333333332,7.400000000000091,-15.400000000000093,0.0,1.5200000000000045,-5.4,True,True,True,True,False,0,0,0,1,2.320777777777778,2.9174438105972946,0.5,0.37324834997021794,0.19166666666666668,0.20740605741549012,0.4583333333333333,0.43341045408266754,0.9583333333333334,0.9830745317882222,PLACE_AT_1,1,3.493333333333332,0.0,1,0,1
269,5,19,139,PLACE_AT_1,1,-0.1333333333333238,-0.1999999999998181,-1.0,0.1999999999999997,-2.1999999999999886,-4.239999999999986,False,True,False,False,False,0,1,1,1,2.320777777777778,1.4184036468397998,0.5,0.4712588368115887,0.19166666666666668,0.10682181145478241,0.4583333333333333,0.3651030222214433,0.9583333333333334,0.9757449735449734,PLACE_AT_5,5,0.3333333333333428,0.4666666666666666,0,0,0
269,6,29,213,PLACE_AT_1,1,1.346666666666666,2.800000000000182,-4.2000000000000455,-0.2000000000000001,-2.079999999999996,-3.6,True,True,True,False,False,0,0,1,1,2.320777777777778,2.1810621282583327,0.5,0.46711932710497506,0.19166666666666668,0.15979585238923472,0.4583333333333333,0.6171325759580409,0.9583333333333334,0.9656843315164279,PLACE_AT_3,3,2.133333333333335,0.7866666666666691,0,0,0
269,7,34,10,PLACE_AT_1,1,1.1999999999999944,3.200000000000045,-2.0,0.0,0.7599999999999909,-1.280000000000018,True,True,True,True,False,0,0,0,1,2.320777777777778,2.097754752274778,0.5,0.39641172968676514,0.19166666666666668,0.10021211536216791,0.4583333333333333,0.5143150842105954,0.9583333333333334,0.9485398077764834,PLACE_AT_3,3,1.9733333333333287,0.7733333333333343,0,0,1
269,8,36,172,PLACE_AT_1,1,1.6,4.800000000000182,0.0,0.0,0.2,-3.2,True,True,True,True,False,0,0,0,1,2.320777777777778,2.2149254862681156,0.5,0.3165318529028331,0.19166666666666668,0.16143081324055986,0.4583333333333333,0.34542983200225136,0.9583333333333334,0.9772510883888297,PLACE_AT_2,2,2.1333333333333333,0.5333333333333332,0,0,1
271,1,8,56,PLACE_AT_1,1,4.239999999999999,11.399999999999864,-4.599999999999909,-0.2000000000000001,3.039999999999992,-0.9200000000000272,True,True,True,True,False,0,0,0,1,2.088444444444444,2.047002491582491,0.475,0.4401135931639897,0.225,0.2345762506215647,0.475,0.4409179004573886,0.9583333333333334,0.9240788404161591,PLACE_AT_1,1,4.239999999999999,0.0,1,0,1
271,2,15,207,PLACE_AT_1,1,1.4399999999999995,2.7999999999999545,-5.599999999999909,-0.2000000000000001,-0.8400000000000034,-4.360000000000014,True,True,True,False,False,0,0,1,1,2.088444444444444,1.9447939153439147,0.475,0.347302441421863,0.225,0.31410563697111515,0.475,0.4361960729162911,0.9583333333333334,0.9783564933471195,PLACE_AT_3,3,2.519999999999997,1.0799999999999974,0,0,0
271,3,17,225,PLACE_AT_1,1,2.413333333333346,5.599999999999909,-12.199999999999932,0.4000000000000003,-0.5199999999999989,-4.680000000000001,True,True,False,False,False,0,1,1,1,2.088444444444444,2.5153334904601556,0.475,0.42098574189873345,0.225,0.26064219969121893,0.475,0.5939988031273025,0.9583333333333334,0.9792749573701685,PLACE_AT_1,1,2.413333333333346,0.0,1,0,0
271,4,22,54,PLACE_AT_1,1,3.2133333333333325,10.599999999999907,0.8000000000000682,0.4000000000000003,-0.2,-2.6,True,False,False,False,False,1,1,1,1,2.088444444444444,1.8640907551707544,0.475,0.5431983200403242,0.225,0.29988668026057025,0.475,0.6859623445959664,0.9583333333333334,0.9689732084541868,PLACE_AT_1,1,3.2133333333333325,0.0,1,0,0
271,5,24,232,PLACE_AT_1,1,2.8799999999999955,9.0,3.800000000000068,-0.2000000000000001,0.6799999999999955,-0.9200000000000044,True,False,True,True,False,1,0,0,1,2.088444444444444,2.070021199294533,0.475,0.492939619080863,0.225,0.2283526072974706,0.475,0.5183880801604503,0.9583333333333334,0.9030412772978784,PLACE_AT_1,1,2.8799999999999955,0.0,1,0,0
271,6,25,169,PLACE_AT_1,1,3.3333333333333317,9.200000000000044,-2.0,-0.2000000000000001,1.2399999999999864,-4.120000000000028,True,True,True,True,False,0,0,0,1,2.088444444444444,2.224374335417669,0.475,0.4675732650182431,0.225,0.3370563074502643,0.475,0.6770254463257055,0.9583333333333334,0.9204013683403732,PLACE_AT_5,5,3.3733333333333237,0.03999999999999204,0,0,1
271,7,28,36,PLACE_AT_1,1,5.026666666666671,15.399999999999864,3.6000000000000227,-0.2000000000000001,-0.4000000000000057,-1.8399999999999863,True,False,True,False,False,1,0,1,1,2.088444444444444,2.5634152877986223,0.475,0.42230913583237606,0.225,0.19800392344088683,0.475,0.3768655688230053,0.9583333333333334,0.9004904712417859,PLACE_AT_1,1,5.026666666666671,0.0,1,0,0
271,8,47,255,PLACE_AT_1,1,3.733333333333335,12.399999999999864,8.0,-0.2000000000000001,0.2799999999999955,-3.760000000000002,True,False,True,True,False,1,0,0,1,2.088444444444444,2.7174134215167554,0.475,0.26968995572216387,0.225,0.2619833990205485,0.475,0.3545829099726582,0.9583333333333334,0.9912990125615126,PLACE_AT_5,5,4.8666666666666645,1.1333333333333293,0,0,0
277,1,8,232,PLACE_AT_1,1,7.079999999999999,21.59999999999991,1.8000000000000114,0.0,2.8399999999999976,0.1599999999999909,True,False,True,True,True,1,0,0,0,2.088444444444444,3.364531378868045,0.475,0.44272093077515895,0.225,0.3743310177609878,0.475,0.3679378643616497,0.9583333333333334,0.9163445760924814,PLACE_AT_3,3,8.146666666666665,1.0666666666666655,0,0,0
277,2,17,145,PLACE_AT_1,1,2.76,9.0,3.6000000000000227,0.0,1.240000000000009,-2.360000000000002,True,False,True,True,False,1,0,0,1,2.088444444444444,1.6658041654641653,0.475,0.31886891277104273,0.225,0.26891603707594375,0.475,0.7103169888806371,0.9583333333333334,0.9601585023163975,PLACE_AT_2,2,3.1600000000000024,0.4000000000000026,0,0,0
277,3,19,243,PLACE_AT_1,1,1.7866666666666675,5.0,-1.8000000000000114,0.0,-0.6,-5.6,True,True,True,False,False,0,0,1,1,2.088444444444444,2.153417142857142,0.475,0.5034989535923694,0.225,0.3129140525318425,0.475,0.47449580240858663,0.9583333333333334,0.9927288216011042,PLACE_AT_1,1,1.7866666666666675,0.0,1,0,0
277,4,21,157,PLACE_AT_1,1,0.7333333333333295,2.0,1.0,-0.1999999999999999,-1.0800000000000067,-7.199999999999999,True,False,True,False,False,1,0,1,1,2.088444444444444,2.14177864197531,0.475,0.4195255336818228,0.225,0.25912707871403223,0.475,0.3940904596734465,0.9583333333333334,0.9842634988468323,PLACE_AT_1,1,0.7333333333333295,0.0,1,0,0
277,5,27,219,PLACE_AT_2,2,0.1599999999999984,0.2000000000000454,-1.3999999999999773,0.0,-1.2,-6.4,True,True,True,False,False,0,0,1,1,1.8201111111111108,1.5118343322109973,0.425,0.46824078673836955,0.25833333333333336,0.29284658676168385,0.5083333333333333,0.4294867597989979,0.9666666666666667,0.9713292211141349,PLACE_AT_1,1,0.7599999999999985,0.6000000000000001,0,0,0
277,6,30,94,PLACE_AT_1,1,3.69333333333333,9.799999999999956,-2.3999999999999773,-0.3999999999999999,2.4799999999999955,-2.7199999999999926,True,True,True,True,False,0,0,0,1,2.088444444444444,1.7524848949815608,0.475,0.5092625765406492,0.225,0.18142647633259676,0.475,0.6852540076360845,0.9583333333333334,0.9678144573926915,PLACE_AT_2,2,3.773333333333329,0.07999999999999918,0,0,1
277,7,32,232,PLACE_AT_1,1,2.933333333333333,8.599999999999909,-1.0,0.0,0.9200000000000046,-1.9199999999999815,True,True,True,True,False,0,0,0,1,2.088444444444444,3.364531378868045,0.475,0.44272093077515895,0.225,0.3743310177609878,0.475,0.3679378643616497,0.9583333333333334,0.9163445760924814,PLACE_AT_2,2,6.079999999999997,3.1466666666666643,0,0,1
277,8,37,157,PLACE_AT_1,1,-0.2266666666666689,-0.6000000000001364,0.3999999999999772,0.0,-2.4,-10.0,False,False,True,False,False,1,0,1,1,2.088444444444444,1.3769162786596123,0.475,0.4119200682450453,0.225,0.2369983854452463,0.475,0.6802813283070344,0.9583333333333334,0.9629514129389124,PLACE_AT_2,2,0.973333333333331,1.2,0,0,0
281,1,1,1,PLACE_AT_1,1,0.2133333333333439,0.6000000000001364,-0.2000000000000454,0.0,-0.8400000000000091,-6.119999999999992,True,True,True,False,False,0,0,1,1,2.2304444444444447,2.6777612946640694,0.4666666666666667,0.3207384633839164,0.21666666666666667,0.33818193012967646,0.475,0.4886337711671052,0.9583333333333334,0.9592405251311934,PLACE_AT_3,3,1.706666666666674,1.4933333333333303,0,0,0
281,2,4,52,PLACE_AT_1,1,4.040000000000005,12.200000000000044,0.3999999999998636,0.0,3.360000000000002,-1.4400000000000088,True,False,True,True,False,1,0,0,1,2.2304444444444447,1.8804713800656334,0.4666666666666667,0.5288492080214856,0.21666666666666667,0.19594719687317608,0.475,0.5842538765449926,0.9583333333333334,0.934162239801354,PLACE_AT_1,1,4.040000000000005,0.0,1,0,0
281,3,16,48,PLACE_AT_1,1,-1.146666666666662,-3.7999999999999545,-1.800000000000182,0.0,-4.679999999999995,-8.719999999999992,False,True,True,False,False,0,0,1,1,2.2304444444444447,2.672222129129202,0.4666666666666667,0.5563670397418501,0.21666666666666667,0.27589788270901927,0.475,0.3794560718693962,0.9583333333333334,0.9273617308943726,PLACE_AT_5,5,1.9333333333333331,3.079999999999995,0,0,0
281,4,18,210,PLACE_AT_1,1,1.7999999999999965,6.0,3.0,0.0,0.1599999999999909,-1.9600000000000024,True,False,True,True,False,1,0,0,1,2.2304444444444447,0.8766371048802121,0.4666666666666667,0.4390499123367146,0.21666666666666667,0.18975296234523853,0.475,0.5637613515324376,0.9583333333333334,0.9683565535817208,PLACE_AT_1,1,1.7999999999999965,0.0,1,0,0
281,5,29,269,PLACE_AT_1,1,4.2399999999999975,12.799999999999956,-1.6000000000001364,0.2000000000000001,3.239999999999997,-2.44000000000002,True,True,False,True,False,0,1,0,1,2.2304444444444447,2.6089353573400405,0.4666666666666667,0.5367430056486562,0.21666666666666667,0.22142480148254534,0.475,0.5849464914212189,0.9583333333333334,0.9704748806698059,PLACE_AT_1,1,4.2399999999999975,0.0,1,0,0
281,6,30,230,PLACE_AT_1,1,3.1600000000000024,10.0,2.599999999999909,0.0,2.5600000000000023,-1.1999999999999995,True,False,True,True,False,1,0,0,1,2.2304444444444447,2.1858344672947827,0.4666666666666667,0.5131311706631473,0.21666666666666667,0.37381725149782863,0.475,0.581127631754378,0.9583333333333334,0.9330316317994959,PLACE_AT_2,2,3.333333333333337,0.17333333333333467,0,0,0
281,7,36,52,PLACE_AT_1,1,4.320000000000001,13.0,0.1999999999998181,0.0,-0.559999999999991,-1.9600000000000133,True,False,True,False,False,1,0,1,1,2.2304444444444447,1.8804713800656334,0.4666666666666667,0.5288492080214856,0.21666666666666667,0.19594719687317608,0.475,0.5842538765449926,0.9583333333333334,0.934162239801354,PLACE_AT_2,2,4.5200000000000005,0.1999999999999993,0,0,0
281,8,44,124,PLACE_AT_1,1,2.6133333333333346,8.200000000000045,-0.2000000000000454,0.2000000000000001,-2.7999999999999945,-2.759999999999991,True,True,False,False,False,0,1,1,1,2.2304444444444447,2.456579593194602,0.4666666666666667,0.23825996123562002,0.21666666666666667,0.21989378624876635,0.475,0.40472550982911903,0.9583333333333334,0.9970610146697104,PLACE_AT_2,2,3.560000000000004,0.9466666666666694,0,0,0
283,1,2,42,PLACE_AT_1,1,3.613333333333333,11.199999999999818,1.7999999999999543,0.0,3.3600000000000136,-2.3999999999999995,True,False,True,True,False,1,0,0,1,2.1417777777777776,1.588460213703602,0.48333333333333334,0.5537450891545785,0.25833333333333336,0.3398364254021352,0.5083333333333333,0.7535829725829731,0.9583333333333334,0.9837040853453393,PLACE_AT_5,5,3.8399999999999976,0.2266666666666648,0,0,0
283,2,18,42,PLACE_AT_1,1,2.4933333333333394,7.399999999999864,-0.4000000000000341,0.0,0.4,-2.9199999999999817,True,True,True,True,False,0,0,0,1,2.1417777777777776,1.588460213703602,0.48333333333333334,0.5537450891545785,0.25833333333333336,0.3398364254021352,0.5083333333333333,0.7535829725829731,0.9583333333333334,0.9837040853453393,PLACE_AT_1,1,2.4933333333333394,0.0,1,0,1
283,3,22,318,PLACE_AT_1,1,0.8533333333333359,1.7999999999999543,-3.8000000000000114,0.0,-2.0,-5.6,True,True,True,False,False,0,0,1,1,2.1417777777777776,2.852756743748675,0.48333333333333334,0.37027641125269506,0.25833333333333336,0.1837019117308529,0.5083333333333333,0.3342279942279946,0.9583333333333334,0.9828202861952863,PLACE_AT_3,3,1.4000000000000037,0.5466666666666677,0,0,0
283,4,25,297,PLACE_AT_1,1,3.5333333333333314,10.199999999999818,-2.0,0.0,1.8400000000000036,-3.2,True,True,True,True,False,0,0,0,1,2.1417777777777776,1.8256513214872512,0.48333333333333334,0.565202601282711,0.25833333333333336,0.5221071884548856,0.5083333333333333,0.6788769841269843,0.9583333333333334,0.9966089181286548,PLACE_AT_2,2,3.719999999999999,0.18666666666666742,0,0,1
283,5,28,300,PLACE_AT_1,1,3.240000000000001,9.799999999999956,0.3999999999999772,0.0,1.1600000000000024,-5.439999999999986,True,False,True,True,False,1,0,0,1,2.1417777777777776,1.5262829833847966,0.48333333333333334,0.43117318369439117,0.25833333333333336,0.13076276186691957,0.5083333333333333,0.691593674843675,0.9583333333333334,0.952210528993424,PLACE_AT_1,1,3.240000000000001,0.0,1,0,0
283,6,34,42,PLACE_AT_1,1,5.439999999999994,16.799999999999955,2.3999999999999773,0.0,4.8399999999999865,-1.9200000000000048,True,False,True,True,False,1,0,0,1,2.1417777777777776,1.9013046393018296,0.48333333333333334,0.3028432043004357,0.25833333333333336,0.25676877501713674,0.5083333333333333,0.6276164021164025,0.9583333333333334,0.9579123468693906,PLACE_AT_1,1,5.439999999999994,0.0,1,0,0
283,7,40,264,PLACE_AT_1,1,3.1866666666666674,9.599999999999907,0.1999999999999886,0.0,0.1600000000000022,-1.6,True,False,True,True,False,1,0,0,1,2.1417777777777776,2.5303439350243293,0.48333333333333334,0.4907964692991541,0.25833333333333336,0.20797594229815933,0.5083333333333333,0.30989201539201544,0.9583333333333334,0.9178809647954381,PLACE_AT_1,1,3.1866666666666674,0.0,1,0,0
283,8,45,13,PLACE_AT_1,1,3.693333333333332,10.799999999999956,-1.400000000000034,0.0,2.359999999999991,-4.119999999999993,True,True,True,True,False,0,0,0,1,2.1417777777777776,2.040182810545155,0.48333333333333334,0.2380652781183438,0.25833333333333336,0.19968765502675276,0.5083333333333333,0.47582142857142834,0.9583333333333334,0.940122331730304,PLACE_AT_1,1,3.693333333333332,0.0,1,0,1
293,1,0,8,PLACE_AT_1,1,2.293333333333328,6.2000000000000455,0.599999999999909,-0.3999999999999999,1.0799999999999954,-2.120000000000027,True,False,True,True,False,1,0,0,1,2.1967777777777773,3.5980453218095336,0.48333333333333334,0.26605063834812065,0.23333333333333334,0.2360878297635586,0.5166666666666667,0.4582580055783704,0.9666666666666667,0.9152610327138924,PLACE_AT_3,3,2.5066666666666606,0.2133333333333325,0,0,0
293,2,3,227,PLACE_AT_1,1,2.6666666666666647,7.0,-3.0,-0.1999999999999997,2.319999999999999,-3.199999999999983,True,True,True,True,False,0,0,0,1,2.1967777777777773,2.1815613986886735,0.48333333333333334,0.5445376537901466,0.23333333333333334,0.19713144040682432,0.5166666666666667,0.5914433481156957,0.9666666666666667,0.9789309284306129,PLACE_AT_2,2,3.533333333333333,0.8666666666666685,0,0,1
293,3,4,100,PLACE_AT_1,1,0.2133333333333344,1.0,-0.2000000000000454,0.2000000000000001,-0.559999999999991,-4.0,True,True,False,False,False,0,1,1,1,2.1967777777777773,1.4910446416641443,0.48333333333333334,0.5049617729671729,0.23333333333333334,0.10460613253070343,0.5166666666666667,0.5626840809644006,0.9666666666666667,0.911300476233519,PLACE_AT_3,3,1.0800000000000012,0.8666666666666668,0,0,0
293,4,12,116,PLACE_AT_1,1,0.4266666666666651,1.0,-1.400000000000091,0.0,-1.7600000000000022,-5.040000000000004,True,True,True,False,False,0,0,1,1,2.1967777777777773,2.5047466583824574,0.48333333333333334,0.548151964632468,0.23333333333333334,0.04073211558760757,0.5166666666666667,0.4749174704863957,0.9666666666666667,0.8990363110060696,PLACE_AT_2,2,0.7333333333333314,0.3066666666666663,0,0,0
293,5,21,213,PLACE_AT_1,1,-0.1866666666666636,-0.4000000000000909,2.7999999999999545,-0.1999999999999997,-4.280000000000007,-5.0,False,False,True,False,False,1,0,1,1,2.1967777777777773,2.2854110963303045,0.48333333333333334,0.6351526502469884,0.23333333333333334,0.2589199875462623,0.5166666666666667,0.39503921017860505,0.9666666666666667,0.9400832652073267,PLACE_AT_2,2,-0.0266666666666651,0.1599999999999985,0,0,0
293,6,22,30,PLACE_AT_1,1,1.3866666666666656,4.2000000000000455,8.199999999999932,-0.7999999999999998,-0.2400000000000034,-4.320000000000005,True,False,True,False,False,1,0,1,1,2.1967777777777773,3.2894895043675323,0.48333333333333334,0.5795621396460038,0.23333333333333334,0.27060520892923356,0.5166666666666667,0.4377514863235739,0.9666666666666667,0.9724788750834604,PLACE_AT_3,3,2.3599999999999985,0.9733333333333329,0,0,0
293,7,32,104,PLACE_AT_1,1,3.1733333333333347,9.599999999999907,0.3999999999999772,0.0,2.4399999999999977,1.0800000000000067,True,False,True,True,True,1,0,0,0,2.1967777777777773,3.112619484613627,0.48333333333333334,0.3986354310836206,0.23333333333333334,0.36331114716671753,0.5166666666666667,0.3904891953524198,0.9666666666666667,0.8785184729095501,PLACE_AT_3,3,3.76,0.5866666666666651,0,0,0
293,8,36,28,PLACE_AT_1,1,2.080000000000001,6.2000000000000455,-0.2000000000000454,0.0,0.6400000000000091,-3.519999999999982,True,True,True,True,False,0,0,0,1,2.1967777777777773,2.196677406235497,0.48333333333333334,0.40857043885935324,0.23333333333333334,0.14947861797813167,0.5166666666666667,0.4899316359136792,0.9666666666666667,0.9159140910088498,PLACE_AT_2,2,2.466666666666667,0.3866666666666658,0,0,1
307,1,0,24,PLACE_AT_2,2,-0.9333333333333316,-2.7999999999999545,0.0,0.0,-4.0,-10.679999999999994,False,True,True,False,False,0,0,1,1,2.028888888888889,2.450579467606401,0.4083333333333333,0.39514880329174223,0.25833333333333336,0.22945077358382715,0.475,0.3244124004015307,0.9666666666666667,0.9622592139625485,PLACE_AT_5,5,1.5466666666666735,2.480000000000005,0,0,0
307,2,12,100,PLACE_AT_1,1,-0.0400000000000034,-0.1999999999998181,1.6000000000000227,-0.2000000000000001,-1.9599999999999969,-5.999999999999972,False,False,True,False,False,1,0,1,1,2.2304444444444447,0.04866142769304327,0.4666666666666667,0.323306098644708,0.21666666666666667,0.15187533591942184,0.475,0.6028265840966577,0.9583333333333334,0.9845452261858845,PLACE_AT_5,5,1.160000000000008,1.2000000000000113,0,0,0
307,3,19,267,PLACE_AT_1,1,0.1599999999999909,0.8000000000001819,1.6000000000000227,0.0,-1.3600000000000136,-2.6,True,False,True,False,False,1,0,1,1,2.2304444444444447,1.2010957162000255,0.4666666666666667,0.25979053811115754,0.21666666666666667,0.32508708793166446,0.475,0.5878146793126215,0.9583333333333334,0.9961645685093964,PLACE_AT_2,2,0.6799999999999936,0.5200000000000027,0,0,0
307,4,22,182,PLACE_AT_1,1,2.760000000000012,7.400000000000091,-0.3999999999999772,-0.3999999999999999,-0.9600000000000024,-1.600000000000017,True,True,True,False,False,0,0,1,1,2.2304444444444447,2.4161501001607357,0.4666666666666667,0.4538166733531251,0.21666666666666667,0.4071092774253951,0.475,0.5630892573569113,0.9583333333333334,0.9817415458937198,PLACE_AT_1,1,2.760000000000012,0.0,1,0,0
307,5,24,40,PLACE_AT_1,1,1.4666666666666666,3.6000000000001364,-4.0,0.0,-1.3600000000000023,-6.199999999999999,True,True,True,False,False,0,0,1,1,2.2304444444444447,2.847278667745776,0.4666666666666667,0.3547880099144021,0.21666666666666667,0.1899990020642472,0.475,0.49966637806637826,0.9583333333333334,0.9207600783798184,PLACE_AT_5,5,3.1599999999999984,1.6933333333333318,0,0,0
307,6,27,155,PLACE_AT_1,1,2.039999999999994,7.2000000000000455,7.399999999999977,-0.2000000000000001,1.2399999999999978,-2.5200000000000045,True,False,True,True,False,1,0,0,1,2.2304444444444447,1.9454490568188252,0.4666666666666667,0.2911460173698812,0.21666666666666667,0.2607613813882445,0.475,0.5935174694952965,0.9583333333333334,0.9837901047091077,PLACE_AT_2,2,2.3599999999999945,0.32000000000000073,0,0,0
307,7,34,18,PLACE_AT_1,1,0.8666666666666686,3.200000000000045,3.0,0.0,0.4,-3.0,True,False,True,True,False,1,0,0,1,2.2304444444444447,3.175592167693688,0.4666666666666667,0.21068833601748227,0.21666666666666667,0.19276940931632588,0.475,0.5001185114978219,0.9583333333333334,0.9646980499904413,PLACE_AT_2,2,1.400000000000002,0.5333333333333333,0,0,0
307,8,37,309,PLACE_AT_1,1,4.279999999999983,13.400000000000093,4.7999999999999545,-0.2000000000000001,0.1599999999999966,-5.760000000000013,True,False,True,True,False,1,0,0,1,2.2304444444444447,1.4953535910421731,0.4666666666666667,0.3966405751214501,0.21666666666666667,0.2261688620911373,0.475,0.6890275669827757,0.9583333333333334,0.9827947471011197,PLACE_AT_1,1,4.279999999999983,0.0,1,0,0
311,1,4,236,PLACE_AT_1,1,2.026666666666667,6.600000000000136,-1.400000000000091,0.3999999999999999,-0.7199999999999932,-7.199999999999999,True,True,False,False,False,0,1,1,1,2.320777777777778,2.373063841788801,0.5,0.38468103584890606,0.19166666666666668,0.17805713845234813,0.4583333333333333,0.3222674134954051,0.9583333333333334,0.9365784972262273,PLACE_AT_2,2,2.1600000000000006,0.13333333333333375,0,0,0
311,2,6,102,PLACE_AT_1,1,4.306666666666664,11.600000000000136,-4.599999999999909,-0.2000000000000001,0.5199999999999931,-6.8,True,True,True,True,False,0,0,0,1,2.320777777777778,2.8181336254845406,0.5,0.533269134330157,0.19166666666666668,0.4204184631861041,0.4583333333333333,0.4358265788076156,0.9583333333333334,0.9785721162056056,PLACE_AT_1,1,4.306666666666664,0.0,1,0,1
311,3,19,51,PLACE_AT_1,1,2.413333333333323,7.800000000000182,-1.2000000000000457,0.3999999999999999,1.759999999999997,-2.760000000000002,True,True,False,True,False,0,1,0,1,2.320777777777778,0.8050837454415355,0.5,0.40225457675135645,0.19166666666666668,0.17482955520063323,0.4583333333333333,0.49000176275181323,0.9583333333333334,0.9786674988007246,PLACE_AT_2,2,2.9733333333333216,0.5599999999999987,0,0,0
311,4,25,305,PLACE_AT_1,1,4.253333333333322,12.600000000000136,1.2000000000000457,-0.2000000000000001,1.0399999999999978,-1.519999999999999,True,False,True,True,False,1,0,0,1,2.320777777777778,2.3737607978547137,0.5,0.34200419539442733,0.19166666666666668,0.39063458781515986,0.4583333333333333,0.5790387178610868,0.9583333333333334,0.952594806844484,PLACE_AT_1,1,4.253333333333322,0.0,1,0,0
311,5,35,155,PLACE_AT_1,1,-2.346666666666668,-6.599999999999909,2.200000000000045,0.0,-3.3200000000000047,-8.360000000000024,False,False,True,False,False,1,0,1,1,2.320777777777778,1.8127951798560118,0.5,0.5996228050375967,0.19166666666666668,0.1695952584029311,0.4583333333333333,0.5853436430127608,0.9583333333333334,0.9735463915064793,PLACE_AT_5,5,0.2133333333333306,2.5599999999999987,0,0,0
311,6,37,77,PLACE_AT_1,1,0.5733333333333291,2.800000000000182,-0.599999999999909,0.6000000000000001,-0.8,-4.199999999999999,True,True,False,False,False,0,1,1,1,2.320777777777778,2.171774703392052,0.5,0.39926909387678783,0.19166666666666668,0.1161388541753783,0.4583333333333333,0.4901645703940598,0.9583333333333334,0.9407666677340824,PLACE_AT_2,2,0.9733333333333328,0.4000000000000037,0,0,0
311,7,40,128,PLACE_AT_1,1,0.0399999999999996,0.0,-2.599999999999909,0.2000000000000001,-1.4,-4.6,False,True,False,False,False,0,1,1,1,2.320777777777778,2.84452859935062,0.5,0.4000079824618553,0.19166666666666668,0.0747886551409763,0.4583333333333333,0.7074198255448259,0.9583333333333334,0.9710573574076491,PLACE_AT_5,5,0.9066666666666664,0.8666666666666668,0,0,0
311,8,41,65,PLACE_AT_1,1,1.5866666666666671,5.400000000000091,3.200000000000045,0.0,-0.2799999999999955,-4.119999999999993,True,False,True,False,False,1,0,1,1,2.320777777777778,2.274183270284527,0.5,0.2828433126568317,0.19166666666666668,0.2511476803808326,0.4583333333333333,0.3615673030673034,0.9583333333333334,0.943785793685304,PLACE_AT_1,1,1.5866666666666671,0.0,1,0,0
313,1,2,202,PLACE_AT_1,1,1.973333333333333,5.599999999999909,0.3999999999998636,-0.2000000000000001,1.0,-2.8,True,False,True,True,False,1,0,0,1,2.2317777777777774,0.8435845390153262,0.4666666666666667,0.5389112678762819,0.20833333333333334,0.2574595306798804,0.48333333333333334,0.4316016097665735,0.95,0.9836449991216252,PLACE_AT_2,2,2.3866666666666654,0.41333333333333244,0,0,0
313,2,15,39,PLACE_AT_1,1,2.7599999999999976,8.399999999999977,0.599999999999909,0.0,0.519999999999996,-5.360000000000002,True,False,True,True,False,1,0,0,1,2.2317777777777774,1.5698814902000708,0.4666666666666667,0.360926730586958,0.20833333333333334,0.2913074800606845,0.48333333333333334,0.48871283469616816,0.95,0.9817653082771352,PLACE_AT_1,1,2.7599999999999976,0.0,1,0,0
313,3,16,304,PLACE_AT_1,1,0.7600000000000003,2.3999999999999773,0.599999999999909,0.0,-2.7600000000000025,-7.719999999999992,True,False,True,False,False,1,0,1,1,2.2317777777777774,3.0056087416208133,0.4666666666666667,0.5219299105812965,0.20833333333333334,0.46173862348557815,0.48333333333333334,0.5141129999343181,0.95,0.8855714456741876,PLACE_AT_2,2,1.0666666666666669,0.30666666666666653,0,0,0
313,4,17,65,PLACE_AT_1,1,-1.7200000000000015,-6.2000000000000455,-5.2000000000000455,0.0,-3.4400000000000093,-4.240000000000021,False,True,True,False,False,0,0,1,1,2.2317777777777774,3.365529866348421,0.4666666666666667,0.3109083757063951,0.20833333333333334,0.3593790070741729,0.48333333333333334,0.5208227716727712,0.95,0.9376328563470356,PLACE_AT_10,10,0.6,2.3200000000000016,0,0,0
313,5,31,39,PLACE_AT_1,1,3.226666666666668,9.799999999999956,0.599999999999909,0.0,0.9999999999999972,-1.1200000000000103,True,False,True,True,False,1,0,0,1,2.2317777777777774,1.5698814902000708,0.4666666666666667,0.360926730586958,0.20833333333333334,0.2913074800606845,0.48333333333333334,0.48871283469616816,0.95,0.9817653082771352,PLACE_AT_1,1,3.226666666666668,0.0,1,0,0
313,6,37,277,PLACE_AT_1,1,2.426666666666669,7.599999999999909,1.599999999999909,0.0,1.9199999999999988,-0.5599999999999907,True,False,True,True,False,1,0,0,1,2.2317777777777774,0.8376447356183571,0.4666666666666667,0.4861147433165203,0.20833333333333334,0.15736829789907983,0.48333333333333334,0.7041462776989083,0.95,0.9793271795745706,PLACE_AT_2,2,3.519999999999997,1.093333333333328,0,0,0
313,7,38,318,PLACE_AT_3,3,1.773333333333334,5.7999999999999545,0.3999999999998636,0.1999999999999997,1.5600000000000025,-1.6,True,False,False,True,False,1,1,0,1,1.8816666666666664,1.8303636632378049,0.43333333333333335,0.6607036597705193,0.23333333333333334,0.164749210652443,0.475,0.4813156091691215,0.9416666666666667,0.9805977814475005,PLACE_AT_1,1,2.173333333333332,0.3999999999999979,0,0,0
313,8,41,225,PLACE_AT_1,1,1.853333333333332,6.0,-3.800000000000182,0.6000000000000001,-2.1199999999999988,-2.0,True,True,False,False,False,0,1,1,1,2.2317777777777774,2.111370623425213,0.4666666666666667,0.6191532937796188,0.20833333333333334,0.23303784665072005,0.48333333333333334,0.5326200086810312,0.95,0.9288828179152269,PLACE_AT_3,3,2.1066666666666665,0.2533333333333345,0,0,0
317,1,3,67,PLACE_AT_1,1,1.0266666666666633,3.400000000000091,3.599999999999909,-0.2000000000000001,0.0800000000000011,-4.6,True,False,True,True,False,1,0,0,1,2.320777777777778,1.1042468641303713,0.5,0.3310076066252876,0.19166666666666668,0.3037725182957472,0.4583333333333333,0.5389260871803948,0.9583333333333334,0.9931925783723451,PLACE_AT_5,5,2.506666666666665,1.4800000000000018,0,0,0
317,2,7,247,PLACE_AT_1,1,1.3600000000000003,3.599999999999909,-2.400000000000091,0.0,-3.8399999999999976,-5.039999999999997,True,True,True,False,False,0,0,1,1,2.320777777777778,1.9716943994285485,0.5,0.43750562486193045,0.19166666666666668,0.0871975422041212,0.4583333333333333,0.5007245090937038,0.9583333333333334,0.9877932021983463,PLACE_AT_2,2,1.6399999999999997,0.27999999999999936,0,0,0
317,3,8,144,PLACE_AT_1,1,1.9599999999999973,6.400000000000091,0.599999999999909,0.2000000000000001,-1.5200000000000102,-7.559999999999996,True,False,False,False,False,1,1,1,1,2.320777777777778,2.1721157678413987,0.5,0.44024633698235155,0.19166666666666668,0.0938615942814621,0.4583333333333333,0.7099309509433347,0.9583333333333334,0.9434083278434825,PLACE_AT_3,3,2.586666666666668,0.6266666666666705,0,0,0
317,4,19,67,PLACE_AT_1,1,3.0799999999999974,10.0,-2.200000000000045,0.5999999999999996,-0.4400000000000091,-3.84000000000002,True,True,False,False,False,0,1,1,1,2.320777777777778,1.9692363144727099,0.5,0.4838267620462989,0.19166666666666668,0.11859378794177114,0.4583333333333333,0.40696600459299,0.9583333333333334,0.9714776607562828,PLACE_AT_3,3,3.666666666666661,0.5866666666666638,0,0,0
317,5,28,300,PLACE_AT_1,1,4.119999999999999,12.0,0.1999999999998181,-0.2000000000000001,2.319999999999993,0.8000000000000003,True,False,True,True,True,1,0,0,0,2.320777777777778,1.698348063497798,0.5,0.37177145387312704,0.19166666666666668,0.07167857742236482,0.4583333333333333,0.5824455544455546,0.9583333333333334,0.9852663355163354,PLACE_AT_1,1,4.119999999999999,0.0,1,0,0
317,6,29,61,PLACE_AT_1,1,0.2533333333333322,1.599999999999909,0.1999999999998181,0.3999999999999994,-1.7600000000000022,-4.8399999999999865,True,False,False,False,False,1,1,1,1,2.320777777777778,2.120141167394487,0.5,0.3578081295805724,0.19166666666666668,0.05160493135632344,0.4583333333333333,0.6538136660667621,0.9583333333333334,0.8912161899088495,PLACE_AT_5,5,1.7066666666666672,1.453333333333335,0,0,0
317,7,35,219,PLACE_AT_1,1,3.493333333333332,9.599999999999907,-0.4000000000000909,-0.4000000000000003,3.159999999999991,-7.239999999999997,True,True,True,True,False,0,0,0,1,2.320777777777778,2.508116817860262,0.5,0.4995817056990981,0.19166666666666668,0.17819252750684722,0.4583333333333333,0.6048094621523414,0.9583333333333334,0.9721967086080501,PLACE_AT_2,2,3.799999999999996,0.306666666666664,0,0,1
317,8,46,230,PLACE_AT_1,1,1.6266666666666652,5.0,0.599999999999909,0.0,-0.8800000000000068,-3.6,True,False,True,False,False,1,0,1,1,2.320777777777778,2.044658431899374,0.5,0.38668195342125355,0.19166666666666668,0.3002995048615213,0.4583333333333333,0.6575924627774473,0.9583333333333334,0.9611105553454009,PLACE_AT_3,3,1.893333333333332,0.26666666666666683,0,0,0
331,1,7,7,PLACE_AT_1,1,3.733333333333335,10.600000000000136,-1.0,-0.1999999999999999,2.7600000000000025,-4.8,True,True,True,True,False,0,0,0,1,2.1417777777777776,1.7462530951278508,0.48333333333333334,0.5555921102888959,0.25833333333333336,0.3726013146471214,0.5083333333333333,0.5275175565175562,0.9583333333333334,0.9816612943157061,PLACE_AT_2,2,4.266666666666668,0.5333333333333332,0,0,1
331,2,12,284,PLACE_AT_1,1,1.239999999999994,3.400000000000091,-1.599999999999909,0.0,-0.9600000000000024,-1.9200000000000048,True,True,True,False,False,0,0,1,1,2.1417777777777776,1.6891812734663427,0.48333333333333334,0.43822814325879306,0.25833333333333336,0.16555082598491538,0.5083333333333333,0.36675925925925923,0.9583333333333334,0.902113805011638,PLACE_AT_2,2,1.3333333333333317,0.09333333333333771,0,0,0
331,3,16,104,PLACE_AT_1,1,4.373333333333331,13.200000000000044,0.4000000000000909,0.0,0.8399999999999977,-1.3600000000000136,True,False,True,True,False,1,0,0,1,2.1417777777777776,2.376005377123052,0.48333333333333334,0.5572717165398703,0.25833333333333336,0.35334722100404825,0.5083333333333333,0.4312698412698407,0.9583333333333334,0.9781104687223107,PLACE_AT_1,1,4.373333333333331,0.0,1,0,0
331,4,25,89,PLACE_AT_1,1,3.426666666666669,9.800000000000182,-2.3999999999999773,0.0,2.359999999999991,0.0,True,True,True,True,True,0,0,0,0,2.1417777777777776,2.038784181686938,0.48333333333333334,0.6338843815742252,0.25833333333333336,0.42388841929485166,0.5083333333333333,0.6985236892736894,0.9583333333333334,0.9961043771043769,PLACE_AT_2,2,4.6400000000000015,1.2133333333333325,0,1,1
331,5,27,27,PLACE_AT_1,1,1.6133333333333288,5.0,2.800000000000068,-0.1999999999999999,1.0799999999999954,-3.160000000000008,True,False,True,True,False,1,0,0,1,2.1417777777777776,2.694328518329215,0.48333333333333334,0.38491489934122003,0.25833333333333336,0.3266079833450961,0.5083333333333333,0.5889298941798939,0.9583333333333334,0.995047619047619,PLACE_AT_3,3,2.6133333333333346,1.0000000000000058,0,0,0
331,6,30,174,PLACE_AT_1,1,1.8933333333333355,5.600000000000136,-0.3999999999999772,0.0,1.240000000000009,-4.92000000000001,True,True,True,True,False,0,0,0,1,2.1417777777777776,1.631851093838216,0.48333333333333334,0.5162207574770321,0.25833333333333336,0.3403328346476083,0.5083333333333333,0.6679814814814813,0.9583333333333334,0.9914848263335108,PLACE_AT_1,1,1.8933333333333355,0.0,1,0,1
331,7,35,147,PLACE_AT_1,1,2.7066666666666643,6.600000000000136,-7.599999999999909,0.0,-1.520000000000016,-5.800000000000022,True,True,True,False,False,0,0,1,1,2.1417777777777776,5.960168384732421,0.48333333333333334,0.5785219808045038,0.25833333333333336,0.45126525752478064,0.5083333333333333,0.5776137566137562,0.9583333333333334,0.9753105899518438,PLACE_AT_2,2,3.373333333333329,0.6666666666666647,0,0,0
331,8,37,261,PLACE_AT_1,1,2.2133333333333343,6.600000000000136,-0.1999999999999318,0.0,-1.759999999999991,-3.6799999999999953,True,True,True,False,False,0,0,1,1,2.1417777777777776,2.196380693776794,0.48333333333333334,0.2957321383408594,0.25833333333333336,0.24552049272534665,0.5083333333333333,0.4836049783549781,0.9583333333333334,0.9723291435659858,PLACE_AT_5,5,3.466666666666667,1.2533333333333325,0,0,0
337,1,2,34,PLACE_AT_1,1,4.053333333333336,12.800000000000182,3.200000000000045,0.0,3.2400000000000038,-0.3999999999999883,True,False,True,True,False,1,0,0,1,2.1417777777777776,2.080514752176409,0.48333333333333334,0.22536108144584446,0.25833333333333336,0.2248391012079034,0.5083333333333333,0.42260509860509865,0.9583333333333334,0.9304885221990488,PLACE_AT_1,1,4.053333333333336,0.0,1,0,0
337,2,16,72,PLACE_AT_1,1,0.7333333333333343,3.800000000000182,4.0,0.4000000000000001,-2.6799999999999984,-6.6,True,False,False,False,False,1,1,1,1,2.1417777777777776,2.1652968297091473,0.48333333333333334,0.6390272763714314,0.25833333333333336,0.26106153804393256,0.5083333333333333,0.3096349206349209,0.9583333333333334,0.764586798736179,PLACE_AT_3,3,0.7733333333333292,0.03999999999999493,0,0,0
337,3,17,161,PLACE_AT_1,1,0.7466666666666659,2.200000000000045,1.7999999999999543,-0.1999999999999999,-3.4399999999999977,-10.559999999999995,True,False,True,False,False,1,0,1,1,2.1417777777777776,2.4504826664161374,0.48333333333333334,0.3032207548791343,0.25833333333333336,0.5317546625042627,0.5083333333333333,0.398256613756614,0.9583333333333334,0.9893106060606057,PLACE_AT_5,5,2.239999999999997,1.4933333333333312,0,0,0
337,4,25,161,PLACE_AT_1,1,2.4799999999999973,7.0,-0.2000000000000454,-0.1999999999999999,-1.6400000000000037,-6.880000000000012,True,True,True,False,False,0,0,1,1,2.1417777777777776,1.94212965051892,0.48333333333333334,0.1966963568642546,0.25833333333333336,0.5161798900569858,0.5083333333333333,0.49991269841269836,0.9583333333333334,0.9923115079365078,PLACE_AT_2,2,4.160000000000002,1.6800000000000046,0,0,0
337,5,27,235,PLACE_AT_1,1,-0.8133333333333307,-2.0,2.200000000000045,0.0,-6.639999999999998,-8.560000000000002,False,False,True,False,False,1,0,1,1,2.1417777777777776,2.0612307544521684,0.48333333333333334,0.5750058064361376,0.25833333333333336,0.295203760591036,0.5083333333333333,0.6007875180375176,0.9583333333333334,0.9847648589370724,PLACE_AT_10,10,-0.226666666666667,0.5866666666666637,0,0,0
337,6,30,30,PLACE_AT_1,1,1.3733333333333386,4.0,1.3999999999998636,-0.1999999999999999,0.5200000000000046,-4.199999999999982,True,False,True,True,False,1,0,0,1,2.1417777777777776,1.4339163656117322,0.48333333333333334,0.544582482830122,0.25833333333333336,0.1937165694534854,0.5083333333333333,0.5295613275613273,0.9583333333333334,0.9798529202279203,PLACE_AT_3,3,2.280000000000005,0.9066666666666665,0,0,0
337,7,34,34,PLACE_AT_1,1,4.053333333333338,11.800000000000182,-1.7999999999999543,0.0,2.8000000000000056,-1.3999999999999768,True,True,True,True,False,0,0,0,1,2.1417777777777776,1.8806399290904572,0.48333333333333334,0.4711472712736536,0.25833333333333336,0.11663551348578412,0.5083333333333333,0.5875476190476188,0.9583333333333334,0.9629863895850739,PLACE_AT_1,1,4.053333333333338,0.0,1,0,1
337,8,45,269,PLACE_AT_1,1,0.1466666666666659,0.2000000000000454,-1.2000000000000457,0.0,-5.684341886080802e-15,-6.800000000000017,True,True,True,False,False,0,0,1,1,2.1417777777777776,1.3254446309357264,0.48333333333333334,0.6309642864579641,0.25833333333333336,0.23643364130868985,0.5083333333333333,0.7305804473304472,0.9583333333333334,0.984947096089898,PLACE_AT_1,1,0.1466666666666659,0.0,1,0,0
347,1,21,229,PLACE_AT_1,1,5.320000000000007,14.399999999999864,-9.800000000000068,0.1999999999999997,-1.3599999999999963,-2.240000000000003,True,True,False,False,False,0,1,1,1,2.088444444444444,2.2181393298059935,0.475,0.3646596368637326,0.225,0.2992861704694539,0.475,0.41457857861050285,0.9583333333333334,0.9707716483979634,PLACE_AT_1,1,5.320000000000007,0.0,1,0,0
347,2,23,263,PLACE_AT_1,1,0.4800000000000068,2.599999999999909,-2.200000000000045,0.7999999999999998,-0.5199999999999818,-2.639999999999975,True,True,False,False,False,0,1,1,1,2.088444444444444,2.3173847619047594,0.475,0.4875657091563069,0.225,0.18620039612954656,0.475,0.4832093629921528,0.9583333333333334,0.9187834182185622,PLACE_AT_5,5,1.8133333333333364,1.3333333333333295,0,0,0
347,3,24,168,PLACE_AT_1,1,5.3333333333333375,15.199999999999818,-2.0,-0.2000000000000001,0.5600000000000023,-0.9599999999999792,True,True,True,True,False,0,0,0,1,2.088444444444444,2.045299830046496,0.475,0.26590564817730794,0.225,0.2018906214049483,0.475,0.38638285886892954,0.9583333333333334,0.7280630702786268,PLACE_AT_2,2,5.573333333333333,0.23999999999999577,0,0,1
347,4,28,52,PLACE_AT_1,1,2.9333333333333296,9.199999999999818,4.0,-0.2000000000000001,-0.3600000000000022,-4.119999999999993,True,False,True,False,False,1,0,1,1,2.088444444444444,2.1659653134519785,0.475,0.33242614084456645,0.225,0.20377658115800037,0.475,0.23918578174215516,0.9583333333333334,0.9485393184689904,PLACE_AT_1,1,2.9333333333333296,0.0,1,0,0
347,5,37,213,PLACE_AT_1,1,2.146666666666666,6.599999999999909,0.7999999999999545,0.0,-1.0799999999999954,-4.800000000000005,True,False,True,False,False,1,0,1,1,2.088444444444444,1.4423989578322902,0.475,0.392904354447454,0.225,0.263653081067774,0.475,0.6953486064995105,0.9583333333333334,0.953172980079014,PLACE_AT_1,1,2.146666666666666,0.0,1,0,0
347,6,38,62,PLACE_AT_1,1,1.6,5.0,-1.0,0.1999999999999997,0.2799999999999955,-2.6,True,True,False,True,False,0,1,0,1,2.088444444444444,1.632879982363316,0.475,0.37781513418997503,0.225,0.22418894044179807,0.475,0.4428013625842729,0.9583333333333334,0.9710866540109762,PLACE_AT_3,3,1.6133333333333326,0.013333333333332531,0,0,0
347,7,40,312,PLACE_AT_2,2,1.6000000000000076,5.199999999999818,0.0,0.1999999999999997,1.0800000000000067,-3.840000000000009,True,True,False,True,False,0,1,0,1,1.8201111111111108,2.508592861952863,0.425,0.39667816478320583,0.25833333333333336,0.15830168356560811,0.5083333333333333,0.2499091011389288,0.9666666666666667,0.7165809259912959,PLACE_AT_10,10,1.960000000000006,0.3599999999999983,0,0,0
347,8,42,34,PLACE_AT_1,1,1.1199999999999988,3.399999999999864,0.1999999999999318,0.0,-1.0800000000000067,-7.6,True,False,True,False,False,1,0,1,1,2.088444444444444,2.067644585537917,0.475,0.4504103635633706,0.225,0.21750137217176682,0.475,0.4676987543329934,0.9583333333333334,0.9394166725240821,PLACE_AT_3,3,3.173333333333333,2.053333333333334,0,0,0
349,1,2,98,PLACE_AT_1,1,0.986666666666658,4.400000000000091,5.2000000000000455,0.1999999999999997,-0.7599999999999966,-4.44000000000002,True,False,False,False,False,1,1,1,1,2.2304444444444447,1.529748463645212,0.4666666666666667,0.42336581993819206,0.21666666666666667,0.13682801083954907,0.475,0.6315509179175292,0.9583333333333334,0.9169383580195819,PLACE_AT_3,3,2.613333333333329,1.626666666666671,0,0,0
349,2,7,295,PLACE_AT_1,1,3.960000000000006,11.200000000000044,-3.399999999999864,0.0,1.280000000000007,-7.519999999999999,True,True,True,True,False,0,0,0,1,2.2304444444444447,2.747424253728127,0.4666666666666667,0.42102561124515975,0.21666666666666667,0.15629029094220734,0.475,0.44923131479512324,0.9583333333333334,0.9493636582355434,PLACE_AT_2,2,4.426666666666673,0.4666666666666668,0,0,1
349,3,9,313,PLACE_AT_1,1,2.226666666666665,6.0,2.6000000000001364,-0.6000000000000001,0.4,-4.760000000000025,True,False,True,True,False,1,0,0,1,2.2304444444444447,2.3654687463229176,0.4666666666666667,0.29487075331884655,0.21666666666666667,0.42303758067143654,0.475,0.49858233384972567,0.9583333333333334,0.9632505284983188,PLACE_AT_2,2,3.146666666666664,0.919999999999999,0,0,0
349,4,20,124,PLACE_AT_1,1,0.6266666666666595,2.0,0.6000000000001364,0.0,-0.0800000000000011,-4.360000000000002,True,False,True,False,False,1,0,1,1,2.2304444444444447,1.2502664506903,0.4666666666666667,0.42559681329263743,0.21666666666666667,0.14181898293696035,0.475,0.664238604051975,0.9583333333333334,0.9731521298414416,PLACE_AT_1,1,0.6266666666666595,0.0,1,0,0
349,5,22,174,PLACE_AT_1,1,2.7866666666666484,7.2000000000000455,-3.7999999999999545,-0.2000000000000001,-2.1200000000000045,-3.680000000000012,True,True,True,False,False,0,0,1,1,2.2304444444444447,2.274429245219777,0.4666666666666667,0.4613496745699252,0.21666666666666667,0.36846615467400495,0.475,0.4863635572382976,0.9583333333333334,0.9113110616703263,PLACE_AT_1,1,2.7866666666666484,0.0,1,0,0
349,6,24,136,PLACE_AT_1,1,3.826666666666661,8.600000000000136,-26.399999999999864,1.1999999999999995,2.4799999999999955,0.2400000000000093,True,True,False,True,True,0,1,0,0,2.2304444444444447,5.8437026026645285,0.4666666666666667,0.3208403638875645,0.21666666666666667,0.28246402214534244,0.475,0.23713203463203475,0.9583333333333334,0.8528185637463953,PLACE_AT_2,2,4.039999999999992,0.21333333333333115,0,0,0
349,7,35,107,PLACE_AT_1,1,2.4533333333333305,8.600000000000136,4.2000000000000455,0.1999999999999997,0.5999999999999887,-1.880000000000001,True,False,False,True,False,1,1,0,1,2.2304444444444447,2.0560705679729057,0.4666666666666667,0.4758479476454651,0.21666666666666667,0.16000725382113745,0.475,0.4596438868512061,0.9583333333333334,0.98693760815679,PLACE_AT_1,1,2.4533333333333305,0.0,1,0,0
349,8,41,273,PLACE_AT_1,1,0.2799999999999878,0.2000000000000454,-7.2000000000000455,0.3999999999999999,-2.039999999999998,-5.599999999999983,True,True,False,False,False,0,1,1,1,2.2304444444444447,2.2787890600364333,0.4666666666666667,0.28757379474776645,0.21666666666666667,0.34978544971833453,0.475,0.551183539901216,0.9583333333333334,0.9827004331077611,PLACE_AT_3,3,1.7733333333333197,1.4933333333333318,0,0,0
353,1,8,176,PLACE_AT_1,1,1.6400000000000017,5.0,0.3999999999999772,0.0,0.8,-4.4,True,False,True,True,False,1,0,0,1,2.1967777777777773,3.013401752131551,0.48333333333333334,0.4791056376763745,0.23333333333333334,0.24225669531476707,0.5166666666666667,0.5014846433982705,0.9666666666666667,0.9131716875900658,PLACE_AT_3,3,1.973333333333335,0.33333333333333326,0,0,0
353,2,19,243,PLACE_AT_1,1,4.040000000000005,12.200000000000044,2.3999999999999773,-0.2000000000000001,1.4399999999999975,-0.1999999999999997,True,False,True,True,False,1,0,0,1,2.1967777777777773,1.3701600591195748,0.48333333333333334,0.4627421259819464,0.23333333333333334,0.3970467604272894,0.5166666666666667,0.45098459757227116,0.9666666666666667,0.992301406926407,PLACE_AT_3,3,4.146666666666667,0.10666666666666202,0,0,0
353,3,21,293,PLACE_AT_1,1,2.7600000000000025,3.800000000000182,-20.40000000000009,-0.2000000000000001,1.7200000000000046,-1.6,True,True,True,True,False,0,0,0,1,2.1967777777777773,2.8703463822125377,0.48333333333333334,0.5132774528474435,0.23333333333333334,0.20059758850724205,0.5166666666666667,0.40314550747863576,0.9666666666666667,0.9602749230527644,PLACE_AT_3,3,3.480000000000003,0.7200000000000006,0,0,1
353,4,26,18,PLACE_AT_1,1,3.560000000000008,8.600000000000136,-8.400000000000091,-0.2000000000000001,2.960000000000002,0.9200000000000276,True,True,True,True,True,0,0,0,0,2.1967777777777773,3.3861727031688766,0.48333333333333334,0.40337564704063944,0.23333333333333334,0.16394244211090933,0.5166666666666667,0.3923674703466395,0.9666666666666667,0.9859015123985766,PLACE_AT_1,1,3.560000000000008,0.0,1,1,1
353,5,27,43,PLACE_AT_1,1,1.3599999999999983,4.400000000000091,1.599999999999909,0.0,-0.2400000000000091,-3.480000000000006,True,False,True,False,False,1,0,1,1,2.1967777777777773,2.1717118770137804,0.48333333333333334,0.39197209810257555,0.23333333333333334,0.25801955916831004,0.5166666666666667,0.43125589924174657,0.9666666666666667,0.984974469270665,PLACE_AT_2,2,2.813333333333333,1.4533333333333347,0,0,0
353,6,31,247,PLACE_AT_1,1,0.3333333333333447,0.8000000000001819,-1.0,0.0,-1.3999999999999886,-4.1999999999999655,True,True,True,False,False,0,0,1,1,2.1967777777777773,1.0884027976907618,0.48333333333333334,0.27683797868183524,0.23333333333333334,0.21105268258921758,0.5166666666666667,0.575497363813323,0.9666666666666667,0.9723738447884996,PLACE_AT_2,2,1.1866666666666787,0.853333333333334,0,0,0
353,7,39,303,PLACE_AT_1,1,3.1733333333333347,9.400000000000093,-0.6000000000000227,0.0,0.7200000000000045,-2.559999999999979,True,True,True,True,False,0,0,0,1,2.1967777777777773,3.100737594264233,0.48333333333333334,0.48689548365330276,0.23333333333333334,0.17922153221298862,0.5166666666666667,0.5423543706499179,0.9666666666666667,0.9800980339105341,PLACE_AT_1,1,3.1733333333333347,0.0,1,0,1
353,8,42,18,PLACE_AT_1,1,0.4266666666666708,-0.1999999999998181,-7.400000000000091,0.0,-0.5599999999999966,-2.3599999999999905,False,True,True,False,False,0,0,1,1,2.1967777777777773,1.550436492018713,0.48333333333333334,0.4239779785808336,0.23333333333333334,0.2042767049824232,0.5166666666666667,0.5376368071046449,0.9666666666666667,0.9757652467264535,PLACE_AT_1,1,0.4266666666666708,0.0,1,0,0
359,1,0,32,PLACE_AT_1,1,3.24,9.800000000000182,0.3999999999999772,0.0,3.080000000000001,-0.3599999999999794,True,False,True,True,False,1,0,0,1,2.2317777777777774,-0.33925167670850576,0.4666666666666667,0.31094955956061787,0.20833333333333334,0.24006904788556307,0.48333333333333334,0.19396262253394017,0.95,0.8252225186058634,PLACE_AT_3,3,3.4533333333333323,0.21333333333333204,0,0,0
359,2,9,225,PLACE_AT_1,1,2.906666666666668,9.400000000000093,-0.6000000000000227,0.3999999999999999,-0.2799999999999955,-3.439999999999986,True,True,False,False,False,0,1,1,1,2.2317777777777774,3.822397798648657,0.4666666666666667,0.3833735611182152,0.20833333333333334,0.1733508093840522,0.48333333333333334,0.4952056527601721,0.95,0.9415288945471879,PLACE_AT_1,1,2.906666666666668,0.0,1,0,0
359,3,27,155,PLACE_AT_1,1,1.6399999999999997,3.200000000000045,-4.600000000000023,-0.3999999999999999,-1.2399999999999978,-7.879999999999994,True,True,True,False,False,0,0,1,1,2.2317777777777774,0.9429269645559711,0.4666666666666667,0.4850672196037721,0.20833333333333334,0.42072973021710247,0.48333333333333334,0.3126718526294041,0.95,0.9890404398952232,PLACE_AT_1,1,1.6399999999999997,0.0,1,0,0
359,4,30,294,PLACE_AT_1,1,1.0800000000000012,3.6000000000001364,-0.1999999999999318,0.2000000000000001,-0.3599999999999966,-2.8800000000000407,True,True,False,False,False,0,1,1,1,2.2317777777777774,2.1388791864755974,0.4666666666666667,0.47418203376555285,0.20833333333333334,0.0874649436616192,0.48333333333333334,0.5579503204659002,0.95,0.9336918919532022,PLACE_AT_3,3,1.2533333333333243,0.17333333333332313,0,0,0
359,5,31,135,PLACE_AT_1,1,0.8400000000000015,2.200000000000045,0.3999999999999772,-0.1999999999999997,-2.0,-4.12000000000001,True,False,True,False,False,1,0,1,1,2.2317777777777774,1.491474602600634,0.4666666666666667,0.27082443996243044,0.20833333333333334,0.12388473410742314,0.48333333333333334,0.5705709486504679,0.95,0.9912680762137883,PLACE_AT_3,3,2.479999999999999,1.6399999999999975,0,0,0
359,6,34,210,PLACE_AT_1,1,0.9866666666666598,2.0,-2.7999999999999545,-0.1999999999999997,-1.8,-3.2,True,True,True,False,False,0,0,1,1,2.2317777777777774,1.966097275606617,0.4666666666666667,0.5212134822486424,0.20833333333333334,0.3433545742779076,0.48333333333333334,0.5320424972127931,0.95,0.9129573510854401,PLACE_AT_1,1,0.9866666666666598,0.0,1,0,0
359,7,36,196,PLACE_AT_1,1,2.8666666666666667,8.800000000000182,3.0,-0.1999999999999997,0.0799999999999954,-3.360000000000002,True,False,True,True,False,1,0,0,1,2.2317777777777774,0.49966239921836764,0.4666666666666667,0.29722073380167335,0.20833333333333334,0.4131485125971642,0.48333333333333334,0.6273786389203057,0.95,0.9472500670480744,PLACE_AT_1,1,2.8666666666666667,0.0,1,0,0
359,8,46,270,PLACE_AT_1,1,4.666666666666667,12.600000000000136,-13.0,0.6000000000000001,3.1200000000000045,-0.3600000000000021,True,True,False,True,False,0,1,0,1,2.2317777777777774,2.460505044820504,0.4666666666666667,0.46155748786825335,0.20833333333333334,0.3353904322774026,0.48333333333333334,0.43115024855832457,0.95,0.9685152917227612,PLACE_AT_1,1,4.666666666666667,0.0,1,0,0
367,1,0,88,PLACE_AT_1,1,4.053333333333332,12.599999999999907,-1.800000000000182,0.3999999999999999,1.4000000000000057,-5.400000000000022,True,True,False,True,False,0,1,0,1,2.1967777777777773,3.205795097993599,0.48333333333333334,0.6380850482981584,0.23333333333333334,0.2070024644678951,0.5166666666666667,0.4425121223906902,0.9666666666666667,0.8482918106973464,PLACE_AT_2,2,5.493333333333331,1.4399999999999995,0,0,0
367,2,4,164,PLACE_AT_1,1,0.933333333333339,2.399999999999864,-2.0,0.0,0.1600000000000079,-3.879999999999996,True,True,True,True,False,0,0,0,1,2.1967777777777773,2.2666854855390874,0.48333333333333334,0.5028189509745082,0.23333333333333334,0.048172584840576835,0.5166666666666667,0.5738134830466173,0.9666666666666667,0.9621029950650446,PLACE_AT_5,5,1.706666666666668,0.7733333333333291,0,0,1
367,3,16,32,PLACE_AT_1,1,7.3599999999999985,22.399999999999864,1.599999999999909,0.0,6.279999999999996,-1.0799999999999894,True,False,True,True,False,1,0,0,1,2.1967777777777773,1.885786681594987,0.48333333333333334,0.29756401043578057,0.23333333333333334,0.2554292371502453,0.5166666666666667,0.4659623533471359,0.9666666666666667,0.9238851456110446,PLACE_AT_1,1,7.3599999999999985,0.0,1,0,0
367,4,18,114,PLACE_AT_1,1,2.280000000000005,7.0,0.7999999999999545,0.0,0.5200000000000046,-4.5199999999999925,True,False,True,True,False,1,0,0,1,2.1967777777777773,2.447708401603038,0.48333333333333334,0.5037883018211093,0.23333333333333334,0.16657987520174258,0.5166666666666667,0.6536215018002178,0.9666666666666667,0.9884773840941642,PLACE_AT_1,1,2.280000000000005,0.0,1,0,0
367,5,21,317,PLACE_AT_1,1,1.453333333333336,4.0,0.1999999999998181,-0.2000000000000001,0.1600000000000079,-1.7200000000000273,True,False,True,True,False,1,0,0,1,2.1967777777777773,1.3319256721940596,0.48333333333333334,0.20482922543522267,0.23333333333333334,0.3777168809304949,0.5166666666666667,0.596161692088235,0.9666666666666667,0.9744085856470118,PLACE_AT_3,3,2.6666666666666723,1.2133333333333363,0,0,0
367,6,27,67,PLACE_AT_1,1,2.159999999999991,6.199999999999818,2.599999999999909,-0.4000000000000003,-0.1200000000000045,-5.080000000000006,True,False,True,False,False,1,0,1,1,2.1967777777777773,2.3471721946702324,0.48333333333333334,0.5220400849649395,0.23333333333333334,0.27835815732558655,0.5166666666666667,0.4748527378935532,0.9666666666666667,0.9910301080763039,PLACE_AT_1,1,2.159999999999991,0.0,1,0,0
367,7,32,112,PLACE_AT_1,1,1.9600000000000024,5.399999999999864,-4.400000000000091,0.1999999999999997,1.6000000000000114,-1.9600000000000024,True,True,False,True,False,0,1,0,1,2.1967777777777773,2.5272992863028327,0.48333333333333334,0.3857841357330979,0.23333333333333334,0.2042559520331771,0.5166666666666667,0.3498198338127832,0.9666666666666667,0.9167636631551481,PLACE_AT_3,3,3.506666666666668,1.5466666666666657,0,0,0
367,8,33,97,PLACE_AT_1,1,3.88,12.0,-0.2000000000000454,0.1999999999999997,1.0399999999999978,-1.0,True,True,False,True,False,0,1,0,1,2.1967777777777773,2.376992366015493,0.48333333333333334,0.3142281672922786,0.23333333333333334,0.3582398910584736,0.5166666666666667,0.5451121983702641,0.9666666666666667,0.9420206790123463,PLACE_AT_1,1,3.88,0.0,1,0,0
