seed,proposal_index,action,mean_scenario_replication_utility_delta,reconstructed_mean_utility_delta,absolute_error
263,1,PLACE_AT_1,1.3599999999999963,1.3600000000000003,3.9968028886505635e-15
263,1,PLACE_AT_2,0.1866666666666693,0.1866666666666679,1.4155343563970746e-15
263,1,PLACE_AT_3,-0.3866666666666598,-0.386666666666665,5.218048215738236e-15
263,1,PLACE_AT_5,0.133333333333339,0.1333333333333357,3.3029134982598407e-15
263,1,PLACE_AT_10,0.1200000000000007,0.1199999999999998,9.020562075079397e-16
263,2,PLACE_AT_1,1.4,1.3999999999999988,1.1102230246251565e-15
263,2,PLACE_AT_2,2.8399999999999994,2.8399999999999985,8.881784197001252e-16
263,2,PLACE_AT_3,2.493333333333332,2.493333333333332,0.0
263,2,PLACE_AT_5,1.3600000000000003,1.3599999999999997,6.661338147750939e-16
263,2,PLACE_AT_10,0.2,0.199999999999999,9.992007221626409e-16
263,3,PLACE_AT_1,3.306666666666666,3.306666666666666,0.0
263,3,PLACE_AT_2,3.600000000000004,3.6000000000000023,1.7763568394002505e-15
263,3,PLACE_AT_3,3.3999999999999964,3.400000000000001,4.440892098500626e-15
263,3,PLACE_AT_5,2.34666666666667,2.3466666666666693,4.440892098500626e-16
263,3,PLACE_AT_10,0.1200000000000007,0.1200000000000007,0.0
263,4,PLACE_AT_1,1.8666666666666705,1.866666666666667,3.552713678800501e-15
263,4,PLACE_AT_2,1.0266666666666766,1.0266666666666675,9.103828801926284e-15
263,4,PLACE_AT_3,-0.0533333333333246,-0.0533333333333324,7.799316747991725e-15
263,4,PLACE_AT_5,0.2933333333333394,0.2933333333333339,5.495603971894525e-15
263,4,PLACE_AT_10,-0.2533333333333341,-0.2533333333333331,9.992007221626409e-16
263,5,PLACE_AT_1,2.346666666666664,2.346666666666668,3.9968028886505635e-15
263,5,PLACE_AT_2,1.3600000000000003,1.360000000000002,1.7763568394002505e-15
263,5,PLACE_AT_3,2.9066666666666645,2.906666666666668,3.552713678800501e-15
263,5,PLACE_AT_5,0.3733333333333329,0.3733333333333348,1.887379141862766e-15
263,5,PLACE_AT_10,-0.2266666666666613,-0.2266666666666651,3.802513859341161e-15
263,6,PLACE_AT_1,2.360000000000006,2.360000000000002,3.9968028886505635e-15
263,6,PLACE_AT_2,2.840000000000005,2.8400000000000025,2.6645352591003757e-15
263,6,PLACE_AT_3,3.3200000000000047,3.3200000000000016,3.1086244689504383e-15
263,6,PLACE_AT_5,3.0133333333333403,3.0133333333333345,5.773159728050814e-15
263,6,PLACE_AT_10,0.3333333333333333,0.3333333333333336,2.7755575615628914e-16
263,7,PLACE_AT_1,1.8400000000000072,1.840000000000002,5.10702591327572e-15
263,7,PLACE_AT_2,1.640000000000009,1.640000000000003,5.995204332975845e-15
263,7,PLACE_AT_3,0.8400000000000091,0.8400000000000022,6.8833827526759706e-15
263,7,PLACE_AT_5,-1.1999999999999944,-1.1999999999999955,1.1102230246251565e-15
263,7,PLACE_AT_10,0.0,0.0,0.0
263,8,PLACE_AT_1,3.0666666666666704,3.066666666666668,2.220446049250313e-15
263,8,PLACE_AT_2,2.4000000000000017,2.4,1.7763568394002505e-15
263,8,PLACE_AT_3,0.4133333333333364,0.4133333333333349,1.4988010832439613e-15
263,8,PLACE_AT_5,2.7200000000000006,2.72,4.440892098500626e-16
263,8,PLACE_AT_10,0.6666666666666666,0.6666666666666666,0.0
269,1,PLACE_AT_1,1.1333333333333333,1.1333333333333304,2.886579864025407e-15
269,1,PLACE_AT_2,1.573333333333333,1.5733333333333313,1.7763568394002505e-15
269,1,PLACE_AT_3,0.573333333333331,0.5733333333333313,2.220446049250313e-16
269,1,PLACE_AT_5,1.6666666666666647,1.6666666666666654,6.661338147750939e-16
269,1,PLACE_AT_10,0.0,0.0,0.0
269,2,PLACE_AT_1,0.7466666666666697,0.7466666666666655,4.218847493575595e-15
269,2,PLACE_AT_2,-0.4133333333333288,-0.4133333333333335,4.718447854656915e-15
269,2,PLACE_AT_3,-0.4400000000000015,-0.4400000000000005,9.992007221626409e-16
269,2,PLACE_AT_5,-0.6000000000000019,-0.6000000000000031,1.2212453270876722e-15
269,2,PLACE_AT_10,-0.1066666666666568,-0.1066666666666658,8.992806499463768e-15
269,3,PLACE_AT_1,-0.6133333333333364,-0.6133333333333345,1.887379141862766e-15
269,3,PLACE_AT_2,-0.2133333333333363,-0.2133333333333339,2.3869795029440866e-15
269,3,PLACE_AT_3,-1.0,-1.0000000000000004,4.440892098500626e-16
269,3,PLACE_AT_5,-0.7333333333333333,-0.7333333333333338,5.551115123125783e-16
269,3,PLACE_AT_10,0.6,0.5999999999999991,8.881784197001252e-16
269,4,PLACE_AT_1,3.493333333333332,3.493333333333332,0.0
269,4,PLACE_AT_2,2.0133333333333288,2.013333333333331,2.220446049250313e-15
269,4,PLACE_AT_3,3.080000000000001,3.0799999999999983,2.6645352591003757e-15
269,4,PLACE_AT_5,2.266666666666665,2.266666666666665,0.0
269,4,PLACE_AT_10,0.0,4.736951571734001e-16,4.736951571734001e-16
269,5,PLACE_AT_1,-0.1333333333333238,-0.1333333333333333,9.492406860545088e-15
269,5,PLACE_AT_2,-0.7199999999999894,-0.7199999999999999,1.0436096431476471e-14
269,5,PLACE_AT_3,-0.3599999999999947,-0.3599999999999994,4.6629367034256575e-15
269,5,PLACE_AT_5,0.3333333333333428,0.3333333333333328,9.992007221626409e-15
269,5,PLACE_AT_10,0.1200000000000007,0.1199999999999998,9.020562075079397e-16
269,6,PLACE_AT_1,1.346666666666666,1.3466666666666645,1.5543122344752192e-15
269,6,PLACE_AT_2,1.480000000000001,1.4799999999999969,4.218847493575595e-15
269,6,PLACE_AT_3,2.133333333333335,2.1333333333333315,3.552713678800501e-15
269,6,PLACE_AT_5,0.0400000000000034,0.0399999999999993,4.100886297209172e-15
269,6,PLACE_AT_10,0.0533333333333322,0.0533333333333333,1.1032841307212493e-15
269,7,PLACE_AT_1,1.1999999999999944,1.199999999999997,2.6645352591003757e-15
269,7,PLACE_AT_2,1.2799999999999974,1.2799999999999978,4.440892098500626e-16
269,7,PLACE_AT_3,1.9733333333333287,1.9733333333333307,1.9984014443252818e-15
269,7,PLACE_AT_5,1.4933333333333318,1.4933333333333336,1.7763568394002505e-15
269,7,PLACE_AT_10,1.6133333333333344,1.613333333333334,4.440892098500626e-16
269,8,PLACE_AT_1,1.6,1.5999999999999994,6.661338147750939e-16
269,8,PLACE_AT_2,2.1333333333333333,2.133333333333333,4.440892098500626e-16
269,8,PLACE_AT_3,1.9866666666666677,1.986666666666666,1.7763568394002505e-15
269,8,PLACE_AT_5,0.4,0.3999999999999991,9.43689570931383e-16
269,8,PLACE_AT_10,0.6,0.6,0.0
271,1,PLACE_AT_1,4.239999999999999,4.239999999999998,8.881784197001252e-16
271,1,PLACE_AT_2,3.200000000000002,3.199999999999999,3.1086244689504383e-15
271,1,PLACE_AT_3,3.0666666666666704,3.066666666666667,3.552713678800501e-15
271,1,PLACE_AT_5,1.6000000000000076,1.600000000000001,6.661338147750939e-15
271,1,PLACE_AT_10,0.8799999999999992,0.8799999999999978,1.4432899320127035e-15
271,2,PLACE_AT_1,1.4399999999999995,1.4399999999999993,2.220446049250313e-16
271,2,PLACE_AT_2,2.0000000000000018,2.0000000000000004,1.3322676295501878e-15
271,2,PLACE_AT_3,2.519999999999997,2.52,3.1086244689504383e-15
271,2,PLACE_AT_5,1.0933333333333315,1.0933333333333324,8.881784197001252e-16
271,2,PLACE_AT_10,0.1733333333333367,0.1733333333333343,2.3869795029440866e-15
271,3,PLACE_AT_1,2.413333333333346,2.413333333333334,1.199040866595169e-14
271,3,PLACE_AT_2,2.1733333333333444,2.173333333333334,1.0658141036401503e-14
271,3,PLACE_AT_3,0.3733333333333462,0.3733333333333339,1.226796442210798e-14
271,3,PLACE_AT_5,0.7066666666666739,0.7066666666666687,5.218048215738236e-15
271,3,PLACE_AT_10,0.1066666666666606,0.1066666666666648,4.2049697057677804e-15
271,4,PLACE_AT_1,3.2133333333333325,3.2133333333333334,8.881784197001252e-16
271,4,PLACE_AT_2,0.1866666666666674,0.1866666666666664,9.992007221626409e-16
271,4,PLACE_AT_3,0.9866666666666636,0.9866666666666676,3.9968028886505635e-15
271,4,PLACE_AT_5,1.2666666666666666,1.2666666666666655,1.1102230246251565e-15
271,4,PLACE_AT_10,-0.0933333333333356,-0.0933333333333327,2.9004576518332215e-15
271,5,PLACE_AT_1,2.8799999999999955,2.8799999999999986,3.1086244689504383e-15
271,5,PLACE_AT_2,2.426666666666657,2.426666666666667,1.021405182655144e-14
271,5,PLACE_AT_3,2.2533333333333188,2.2533333333333334,1.4654943925052066e-14
271,5,PLACE_AT_5,1.6266666666666576,1.6266666666666652,7.549516567451064e-15
271,5,PLACE_AT_10,0.0533333333333303,0.0533333333333331,2.8033131371785203e-15
271,6,PLACE_AT_1,3.3333333333333317,3.333333333333333,1.3322676295501878e-15
271,6,PLACE_AT_2,2.1999999999999904,2.200000000000001,1.0658141036401503e-14
271,6,PLACE_AT_3,3.026666666666667,3.026666666666669,2.220446049250313e-15
271,6,PLACE_AT_5,3.3733333333333237,3.3733333333333357,1.199040866595169e-14
271,6,PLACE_AT_10,0.4533333333333341,0.4533333333333341,0.0
271,7,PLACE_AT_1,5.026666666666671,5.026666666666668,2.6645352591003757e-15
271,7,PLACE_AT_2,4.440000000000001,4.440000000000003,1.7763568394002505e-15
271,7,PLACE_AT_3,4.666666666666669,4.666666666666669,0.0
271,7,PLACE_AT_5,3.30666666666667,3.306666666666669,1.3322676295501878e-15
271,7,PLACE_AT_10,1.8,1.800000000000001,8.881784197001252e-16
271,8,PLACE_AT_1,3.733333333333335,3.733333333333333,2.220446049250313e-15
271,8,PLACE_AT_2,4.146666666666672,4.146666666666666,6.217248937900877e-15
271,8,PLACE_AT_3,4.466666666666672,4.466666666666667,5.329070518200751e-15
271,8,PLACE_AT_5,4.8666666666666645,4.866666666666666,1.7763568394002505e-15
271,8,PLACE_AT_10,0.6266666666666614,0.6266666666666662,4.773959005888173e-15
277,1,PLACE_AT_1,7.079999999999999,7.080000000000001,1.7763568394002505e-15
277,1,PLACE_AT_2,7.813333333333331,7.813333333333334,3.552713678800501e-15
277,1,PLACE_AT_3,8.146666666666665,8.146666666666668,3.552713678800501e-15
277,1,PLACE_AT_5,6.599999999999998,6.6000000000000005,2.6645352591003757e-15
277,1,PLACE_AT_10,4.333333333333335,4.333333333333333,1.7763568394002505e-15
277,2,PLACE_AT_1,2.76,2.760000000000002,2.220446049250313e-15
277,2,PLACE_AT_2,3.1600000000000024,3.160000000000002,4.440892098500626e-16
277,2,PLACE_AT_3,2.85333333333334,2.853333333333333,7.105427357601002e-15
277,2,PLACE_AT_5,2.0666666666666704,2.066666666666668,2.220446049250313e-15
277,2,PLACE_AT_10,0.1466666666666621,0.1466666666666687,6.6058269965196814e-15
277,3,PLACE_AT_1,1.7866666666666675,1.7866666666666668,6.661338147750939e-16
277,3,PLACE_AT_2,0.7866666666666674,0.786666666666667,4.440892098500626e-16
277,3,PLACE_AT_3,0.5199999999999989,0.5200000000000002,1.3322676295501878e-15
277,3,PLACE_AT_5,0.2666666666666685,0.2666666666666676,8.881784197001252e-16
277,3,PLACE_AT_10,-0.3333333333333333,-0.3333333333333333,0.0
277,4,PLACE_AT_1,0.7333333333333295,0.7333333333333343,4.773959005888173e-15
277,4,PLACE_AT_2,0.5466666666666659,0.5466666666666692,3.3306690738754696e-15
277,4,PLACE_AT_3,-0.1599999999999966,-0.1599999999999975,9.159339953157541e-16
277,4,PLACE_AT_5,-0.826666666666667,-0.8266666666666647,2.3314683517128287e-15
277,4,PLACE_AT_10,-0.9066666666666644,-0.9066666666666652,7.771561172376096e-16
277,5,PLACE_AT_1,0.7599999999999985,0.7599999999999999,1.4432899320127035e-15
277,5,PLACE_AT_2,0.1599999999999984,0.1599999999999999,1.4988010832439613e-15
277,5,PLACE_AT_3,-0.4666666666666667,-0.4666666666666652,1.4988010832439613e-15
277,5,PLACE_AT_5,0.2266666666666651,0.2266666666666675,2.3869795029440866e-15
277,5,PLACE_AT_10,-0.1733333333333348,-0.1733333333333334,1.4155343563970746e-15
277,6,PLACE_AT_1,3.69333333333333,3.693333333333336,6.217248937900877e-15
277,6,PLACE_AT_2,3.773333333333329,3.773333333333336,7.105427357601002e-15
277,6,PLACE_AT_3,2.319999999999995,2.3200000000000025,7.549516567451064e-15
277,6,PLACE_AT_5,1.7466666666666717,1.7466666666666677,3.9968028886505635e-15
277,6,PLACE_AT_10,0.1066666666666681,0.1066666666666662,1.9012569296705806e-15
277,7,PLACE_AT_1,2.933333333333333,2.933333333333334,8.881784197001252e-16
277,7,PLACE_AT_2,6.079999999999997,6.08,2.6645352591003757e-15
277,7,PLACE_AT_3,3.946666666666664,3.9466666666666663,2.220446049250313e-15
277,7,PLACE_AT_5,4.373333333333333,4.373333333333333,0.0
277,7,PLACE_AT_10,1.7333333333333334,1.7333333333333334,0.0
277,8,PLACE_AT_1,-0.2266666666666689,-0.2266666666666637,5.190292640122607e-15
277,8,PLACE_AT_2,0.973333333333331,0.9733333333333358,4.773959005888173e-15
277,8,PLACE_AT_3,-1.0666666666666704,-1.0666666666666638,6.661338147750939e-15
277,8,PLACE_AT_5,-0.6800000000000012,-0.6799999999999987,2.4424906541753444e-15
277,8,PLACE_AT_10,0.0399999999999996,0.040000000000001,1.4016565685892601e-15
281,1,PLACE_AT_1,0.2133333333333439,0.2133333333333283,1.559863349598345e-14
281,1,PLACE_AT_2,0.5466666666666754,0.5466666666666612,1.4210854715202004e-14
281,1,PLACE_AT_3,1.706666666666674,1.7066666666666614,1.2656542480726785e-14
281,1,PLACE_AT_5,1.5333333333333334,1.5333333333333268,6.661338147750939e-15
281,1,PLACE_AT_10,0.1733333333333348,0.1733333333333315,3.3029134982598407e-15
281,2,PLACE_AT_1,4.040000000000005,4.039999999999998,7.105427357601002e-15
281,2,PLACE_AT_2,1.1200000000000023,1.1199999999999983,3.9968028886505635e-15
281,2,PLACE_AT_3,1.9866666666666677,1.986666666666664,3.774758283725532e-15
281,2,PLACE_AT_5,1.8133333333333364,1.81333333333333,6.439293542825908e-15
281,2,PLACE_AT_10,1.653333333333334,1.6533333333333335,4.440892098500626e-16
281,3,PLACE_AT_1,-1.146666666666662,-1.1466666666666687,6.661338147750939e-15
281,3,PLACE_AT_2,-0.8399999999999977,-0.840000000000002,4.218847493575595e-15
281,3,PLACE_AT_3,0.1066666666666719,0.1066666666666644,7.507883204027621e-15
281,3,PLACE_AT_5,1.9333333333333331,1.9333333333333336,4.440892098500626e-16
281,3,PLACE_AT_10,0.3333333333333333,0.3333333333333333,0.0
281,4,PLACE_AT_1,1.7999999999999965,1.8000000000000005,3.9968028886505635e-15
281,4,PLACE_AT_2,0.4399999999999977,0.4400000000000001,2.3869795029440866e-15
281,4,PLACE_AT_3,0.2133333333333401,0.2133333333333339,6.189493362285248e-15
281,4,PLACE_AT_5,0.5200000000000008,0.5200000000000002,5.551115123125783e-16
281,4,PLACE_AT_10,0.0666666666666666,0.0666666666666666,0.0
281,5,PLACE_AT_1,4.2399999999999975,4.24,2.6645352591003757e-15
281,5,PLACE_AT_2,3.026666666666657,3.026666666666665,7.993605777301127e-15
281,5,PLACE_AT_3,3.706666666666657,3.7066666666666657,8.881784197001252e-15
281,5,PLACE_AT_5,2.839999999999992,2.8399999999999976,5.773159728050814e-15
281,5,PLACE_AT_10,0.8666666666666667,0.8666666666666667,0.0
281,6,PLACE_AT_1,3.1600000000000024,3.1599999999999984,3.9968028886505635e-15
281,6,PLACE_AT_2,3.333333333333337,3.3333333333333317,5.329070518200751e-15
281,6,PLACE_AT_3,2.413333333333336,2.413333333333332,3.9968028886505635e-15
281,6,PLACE_AT_5,2.0666666666666704,2.0666666666666647,5.773159728050814e-15
281,6,PLACE_AT_10,0.8933333333333356,0.8933333333333328,2.886579864025407e-15
281,7,PLACE_AT_1,4.320000000000001,4.319999999999997,4.440892098500626e-15
281,7,PLACE_AT_2,4.5200000000000005,4.519999999999997,3.552713678800501e-15
281,7,PLACE_AT_3,2.973333333333335,2.973333333333329,5.773159728050814e-15
281,7,PLACE_AT_5,3.1866666666666674,3.186666666666663,4.440892098500626e-15
281,7,PLACE_AT_10,0.0,0.0,0.0
281,8,PLACE_AT_1,2.6133333333333346,2.613333333333331,3.552713678800501e-15
281,8,PLACE_AT_2,3.560000000000004,3.559999999999997,7.105427357601002e-15
281,8,PLACE_AT_3,3.466666666666669,3.466666666666664,4.884981308350689e-15
281,8,PLACE_AT_5,3.200000000000002,3.199999999999998,3.9968028886505635e-15
281,8,PLACE_AT_10,1.6,1.6,0.0
283,1,PLACE_AT_1,3.613333333333333,3.613333333333333,0.0
283,1,PLACE_AT_2,2.146666666666662,2.1466666666666656,3.552713678800501e-15
283,1,PLACE_AT_3,2.9466666666666583,2.946666666666665,6.661338147750939e-15
283,1,PLACE_AT_5,3.8399999999999976,3.839999999999998,4.440892098500626e-16
283,1,PLACE_AT_10,0.4533333333333341,0.4533333333333331,9.992007221626409e-16
283,2,PLACE_AT_1,2.4933333333333394,2.4933333333333336,5.773159728050814e-15
283,2,PLACE_AT_2,1.2933333333333394,1.2933333333333332,6.217248937900877e-15
283,2,PLACE_AT_3,1.6266666666666727,1.6266666666666665,6.217248937900877e-15
283,2,PLACE_AT_5,1.4000000000000037,1.4,3.774758283725532e-15
283,2,PLACE_AT_10,-0.3333333333333333,-0.3333333333333333,0.0
283,3,PLACE_AT_1,0.8533333333333359,0.853333333333334,1.887379141862766e-15
283,3,PLACE_AT_2,1.0133333333333363,1.013333333333335,1.3322676295501878e-15
283,3,PLACE_AT_3,1.4000000000000037,1.4000000000000006,3.1086244689504383e-15
283,3,PLACE_AT_5,0.7733333333333349,0.7733333333333334,1.4432899320127035e-15
283,3,PLACE_AT_10,0.8,0.8,0.0
283,4,PLACE_AT_1,3.5333333333333314,3.5333333333333323,8.881784197001252e-16
283,4,PLACE_AT_2,3.719999999999999,3.7199999999999993,4.440892098500626e-16
283,4,PLACE_AT_3,1.599999999999998,1.6000000000000003,2.220446049250313e-15
283,4,PLACE_AT_5,3.3333333333333317,3.333333333333333,1.3322676295501878e-15
283,4,PLACE_AT_10,1.3866666666666656,1.386666666666667,1.3322676295501878e-15
283,5,PLACE_AT_1,3.240000000000001,3.239999999999998,3.1086244689504383e-15
283,5,PLACE_AT_2,-0.7333333333333333,-0.7333333333333353,1.9984014443252818e-15
283,5,PLACE_AT_3,-1.6266666666666652,-1.6266666666666671,1.9984014443252818e-15
283,5,PLACE_AT_5,-0.4933333333333356,-0.4933333333333337,1.942890293094024e-15
283,5,PLACE_AT_10,0.0666666666666666,0.0666666666666666,0.0
283,6,PLACE_AT_1,5.439999999999994,5.439999999999999,4.440892098500626e-15
283,6,PLACE_AT_2,3.239999999999997,3.24,3.1086244689504383e-15
283,6,PLACE_AT_3,2.466666666666667,2.466666666666667,0.0
283,6,PLACE_AT_5,0.6666666666666666,0.6666666666666672,5.551115123125783e-16
283,6,PLACE_AT_10,0.0666666666666666,0.0666666666666666,0.0
283,7,PLACE_AT_1,3.1866666666666674,3.1866666666666665,8.881784197001252e-16
283,7,PLACE_AT_2,3.0,3.0,0.0
283,7,PLACE_AT_3,0.0399999999999996,0.0400000000000001,4.996003610813204e-16
283,7,PLACE_AT_5,0.7066666666666682,0.7066666666666663,1.887379141862766e-15
283,7,PLACE_AT_10,0.3333333333333333,0.3333333333333333,0.0
283,8,PLACE_AT_1,3.693333333333332,3.693333333333331,8.881784197001252e-16
283,8,PLACE_AT_2,2.8,2.799999999999998,1.7763568394002505e-15
283,8,PLACE_AT_3,3.0933333333333355,3.093333333333331,4.440892098500626e-15
283,8,PLACE_AT_5,1.8400000000000012,1.8399999999999976,3.552713678800501e-15
283,8,PLACE_AT_10,0.9333333333333332,0.9333333333333332,0.0
293,1,PLACE_AT_1,2.293333333333328,2.293333333333334,5.773159728050814e-15
293,1,PLACE_AT_2,2.3066666666666604,2.306666666666667,6.661338147750939e-15
293,1,PLACE_AT_3,2.5066666666666606,2.5066666666666677,7.105427357601002e-15
293,1,PLACE_AT_5,1.826666666666661,1.826666666666667,5.995204332975845e-15
293,1,PLACE_AT_10,-0.0799999999999992,-0.0800000000000002,9.992007221626409e-16
293,2,PLACE_AT_1,2.6666666666666647,2.6666666666666647,0.0
293,2,PLACE_AT_2,3.533333333333333,3.5333333333333314,1.7763568394002505e-15
293,2,PLACE_AT_3,3.133333333333335,3.1333333333333324,2.6645352591003757e-15
293,2,PLACE_AT_5,2.2533333333333343,2.253333333333332,2.220446049250313e-15
293,2,PLACE_AT_10,0.3199999999999969,0.3199999999999993,2.3869795029440866e-15
293,3,PLACE_AT_1,0.2133333333333344,0.2133333333333337,6.938893903907228e-16
293,3,PLACE_AT_2,0.6800000000000012,0.6800000000000004,7.771561172376096e-16
293,3,PLACE_AT_3,1.0800000000000012,1.0800000000000003,8.881784197001252e-16
293,3,PLACE_AT_5,-0.1733333333333329,-0.1733333333333327,1.942890293094024e-16
293,3,PLACE_AT_10,-0.6666666666666666,-0.6666666666666666,0.0
293,4,PLACE_AT_1,0.4266666666666651,0.4266666666666668,1.7208456881689926e-15
293,4,PLACE_AT_2,0.7333333333333314,0.7333333333333336,2.220446049250313e-15
293,4,PLACE_AT_3,0.5999999999999981,0.6,1.887379141862766e-15
293,4,PLACE_AT_5,0.1333333333333314,0.1333333333333333,1.915134717478395e-15
293,4,PLACE_AT_10,0.1333333333333314,0.1333333333333326,1.2212453270876722e-15
293,5,PLACE_AT_1,-0.1866666666666636,-0.1866666666666662,2.609024107869118e-15
293,5,PLACE_AT_2,-0.0266666666666651,-0.0266666666666658,7.008282842946301e-16
293,5,PLACE_AT_3,-0.7599999999999947,-0.759999999999998,3.3306690738754696e-15
293,5,PLACE_AT_5,-2.28,-2.28,0.0
293,5,PLACE_AT_10,-0.0666666666666666,-0.0666666666666666,0.0
293,6,PLACE_AT_1,1.3866666666666656,1.3866666666666674,1.7763568394002505e-15
293,6,PLACE_AT_2,1.413333333333329,1.413333333333334,5.10702591327572e-15
293,6,PLACE_AT_3,2.3599999999999985,2.3600000000000008,2.220446049250313e-15
293,6,PLACE_AT_5,1.9066666666666623,1.9066666666666665,4.218847493575595e-15
293,6,PLACE_AT_10,1.480000000000003,1.4800000000000002,2.886579864025407e-15
293,7,PLACE_AT_1,3.1733333333333347,3.1733333333333325,2.220446049250313e-15
293,7,PLACE_AT_2,3.3333333333333317,3.3333333333333326,8.881784197001252e-16
293,7,PLACE_AT_3,3.76,3.7599999999999993,4.440892098500626e-16
293,7,PLACE_AT_5,2.666666666666661,2.666666666666665,3.9968028886505635e-15
293,7,PLACE_AT_10,0.8666666666666667,0.8666666666666667,0.0
293,8,PLACE_AT_1,2.080000000000001,2.08,8.881784197001252e-16
293,8,PLACE_AT_2,2.466666666666667,2.466666666666667,0.0
293,8,PLACE_AT_3,1.5066666666666664,1.5066666666666673,8.881784197001252e-16
293,8,PLACE_AT_5,0.2133333333333363,0.2133333333333335,2.7755575615628914e-15
293,8,PLACE_AT_10,0.6,0.6,0.0
307,1,PLACE_AT_1,1.4666666666666686,1.46666666666667,1.3322676295501878e-15
307,1,PLACE_AT_2,-0.9333333333333316,-0.933333333333331,5.551115123125783e-16
307,1,PLACE_AT_3,-0.6933333333333299,-0.6933333333333332,3.3306690738754696e-15
307,1,PLACE_AT_5,1.5466666666666735,1.5466666666666664,7.105427357601002e-15
307,1,PLACE_AT_10,0.8933333333333356,0.8933333333333338,1.887379141862766e-15
307,2,PLACE_AT_1,-0.0400000000000034,-0.0399999999999991,4.3021142204224816e-15
307,2,PLACE_AT_2,-0.6800000000000087,-0.6800000000000002,8.548717289613705e-15
307,2,PLACE_AT_3,1.1599999999999966,1.1599999999999997,3.1086244689504383e-15
307,2,PLACE_AT_5,1.160000000000008,1.1600000000000033,4.6629367034256575e-15
307,2,PLACE_AT_10,-0.1066666666666662,-0.1066666666666667,4.996003610813204e-16
307,3,PLACE_AT_1,0.1599999999999909,0.1599999999999994,8.493206138382448e-15
307,3,PLACE_AT_2,0.6799999999999936,0.6799999999999997,6.106226635438361e-15
307,3,PLACE_AT_3,0.5199999999999912,0.5199999999999984,7.105427357601002e-15
307,3,PLACE_AT_5,0.6799999999999936,0.6800000000000002,6.5503158452884236e-15
307,3,PLACE_AT_10,0.3333333333333295,0.3333333333333323,2.831068712794149e-15
307,4,PLACE_AT_1,2.760000000000012,2.759999999999999,1.3322676295501878e-14
307,4,PLACE_AT_2,0.520000000000014,0.5199999999999989,1.509903313490213e-14
307,4,PLACE_AT_3,0.840000000000011,0.8399999999999992,1.176836406102666e-14
307,4,PLACE_AT_5,0.1600000000000117,0.1599999999999999,1.1796119636642288e-14
307,4,PLACE_AT_10,-0.0666666666666666,-0.0666666666666666,0.0
307,5,PLACE_AT_1,1.4666666666666666,1.4666666666666672,6.661338147750939e-16
307,5,PLACE_AT_2,1.2133333333333365,1.213333333333334,2.4424906541753444e-15
307,5,PLACE_AT_3,3.1200000000000045,3.119999999999999,5.329070518200751e-15
307,5,PLACE_AT_5,3.1599999999999984,3.160000000000001,2.6645352591003757e-15
307,5,PLACE_AT_10,0.5866666666666656,0.586666666666667,1.4432899320127035e-15
307,6,PLACE_AT_1,2.039999999999994,2.0399999999999987,4.884981308350689e-15
307,6,PLACE_AT_2,2.3599999999999945,2.36,5.329070518200751e-15
307,6,PLACE_AT_3,2.293333333333328,2.293333333333333,4.884981308350689e-15
307,6,PLACE_AT_5,2.239999999999988,2.239999999999997,9.325873406851315e-15
307,6,PLACE_AT_10,1.4666666666666666,1.4666666666666666,0.0
307,7,PLACE_AT_1,0.8666666666666686,0.8666666666666676,9.992007221626409e-16
307,7,PLACE_AT_2,1.400000000000002,1.400000000000001,8.881784197001252e-16
307,7,PLACE_AT_3,1.200000000000002,1.2,1.9984014443252818e-15
307,7,PLACE_AT_5,1.0666666666666689,1.0666666666666658,3.1086244689504383e-15
307,7,PLACE_AT_10,0.2666666666666666,0.2666666666666666,0.0
307,8,PLACE_AT_1,4.279999999999983,4.279999999999998,1.4210854715202004e-14
307,8,PLACE_AT_2,3.173333333333327,3.173333333333332,4.884981308350689e-15
307,8,PLACE_AT_3,1.413333333333325,1.413333333333333,8.215650382226158e-15
307,8,PLACE_AT_5,1.653333333333334,1.6533333333333329,1.1102230246251565e-15
307,8,PLACE_AT_10,2.4533333333333305,2.4533333333333336,3.1086244689504383e-15
311,1,PLACE_AT_1,2.026666666666667,2.026666666666665,1.7763568394002505e-15
311,1,PLACE_AT_2,2.1600000000000006,2.1599999999999997,8.881784197001252e-16
311,1,PLACE_AT_3,1.1866666666666654,1.186666666666666,6.661338147750939e-16
311,1,PLACE_AT_5,2.1600000000000006,2.1599999999999984,2.220446049250313e-15
311,1,PLACE_AT_10,0.9599999999999984,0.9600000000000012,2.7755575615628914e-15
311,2,PLACE_AT_1,4.306666666666664,4.306666666666668,4.440892098500626e-15
311,2,PLACE_AT_2,3.773333333333333,3.773333333333334,8.881784197001252e-16
311,2,PLACE_AT_3,2.026666666666665,2.026666666666668,3.1086244689504383e-15
311,2,PLACE_AT_5,2.306666666666666,2.306666666666668,1.7763568394002505e-15
311,2,PLACE_AT_10,0.0,0.0,0.0
311,3,PLACE_AT_1,2.413333333333323,2.4133333333333358,1.2878587085651816e-14
311,3,PLACE_AT_2,2.9733333333333216,2.973333333333335,1.3322676295501878e-14
311,3,PLACE_AT_3,2.013333333333325,2.013333333333334,8.881784197001252e-15
311,3,PLACE_AT_5,1.639999999999992,1.6400000000000012,9.325873406851315e-15
311,3,PLACE_AT_10,0.1333333333333333,0.1333333333333333,0.0
311,4,PLACE_AT_1,4.253333333333322,4.253333333333333,1.0658141036401503e-14
311,4,PLACE_AT_2,2.0933333333333204,2.0933333333333333,1.2878587085651816e-14
311,4,PLACE_AT_3,2.3199999999999856,2.3200000000000003,1.4654943925052066e-14
311,4,PLACE_AT_5,1.5466666666666546,1.5466666666666669,1.2212453270876722e-14
311,4,PLACE_AT_10,-0.1066666666666662,-0.1066666666666662,0.0
311,5,PLACE_AT_1,-2.346666666666668,-2.346666666666663,4.884981308350689e-15
311,5,PLACE_AT_2,-2.2133333333333343,-2.2133333333333303,3.9968028886505635e-15
311,5,PLACE_AT_3,0.093333333333328,0.0933333333333365,8.507083926190262e-15
311,5,PLACE_AT_5,0.2133333333333306,0.2133333333333349,4.3021142204224816e-15
311,5,PLACE_AT_10,-1.160000000000004,-1.1599999999999997,4.218847493575595e-15
311,6,PLACE_AT_1,0.5733333333333291,0.5733333333333348,5.662137425588298e-15
311,6,PLACE_AT_2,0.9733333333333328,0.9733333333333356,2.7755575615628914e-15
311,6,PLACE_AT_3,0.6133333333333307,0.6133333333333343,3.552713678800501e-15
311,6,PLACE_AT_5,-0.3866666666666655,-0.3866666666666636,1.887379141862766e-15
311,6,PLACE_AT_10,0.0666666666666666,0.0666666666666671,4.996003610813204e-16
311,7,PLACE_AT_1,0.0399999999999996,0.0400000000000008,1.2004286453759505e-15
311,7,PLACE_AT_2,0.6799999999999974,0.6799999999999999,2.55351295663786e-15
311,7,PLACE_AT_3,0.5733333333333329,0.5733333333333335,5.551115123125783e-16
311,7,PLACE_AT_5,0.9066666666666664,0.9066666666666672,7.771561172376096e-16
311,7,PLACE_AT_10,0.7066666666666663,0.7066666666666677,1.3322676295501878e-15
311,8,PLACE_AT_1,1.5866666666666671,1.5866666666666691,1.9984014443252818e-15
311,8,PLACE_AT_2,1.3333333333333333,1.3333333333333357,2.4424906541753444e-15
311,8,PLACE_AT_3,1.4133333333333329,1.413333333333336,3.1086244689504383e-15
311,8,PLACE_AT_5,0.7733333333333368,0.7733333333333365,2.220446049250313e-16
311,8,PLACE_AT_10,0.4800000000000011,0.4800000000000011,0.0
313,1,PLACE_AT_1,1.973333333333333,1.9733333333333336,6.661338147750939e-16
313,1,PLACE_AT_2,2.3866666666666654,2.386666666666668,2.6645352591003757e-15
313,1,PLACE_AT_3,2.093333333333332,2.0933333333333333,1.3322676295501878e-15
313,1,PLACE_AT_5,1.5866666666666656,1.5866666666666664,8.881784197001252e-16
313,1,PLACE_AT_10,0.9066666666666682,0.9066666666666668,1.3322676295501878e-15
313,2,PLACE_AT_1,2.7599999999999976,2.76,2.220446049250313e-15
313,2,PLACE_AT_2,1.5599999999999985,1.5600000000000005,1.9984014443252818e-15
313,2,PLACE_AT_3,0.919999999999998,0.9199999999999998,1.7763568394002505e-15
313,2,PLACE_AT_5,2.5999999999999983,2.6000000000000005,2.220446049250313e-15
313,2,PLACE_AT_10,1.5466666666666675,1.5466666666666669,6.661338147750939e-16
313,3,PLACE_AT_1,0.7600000000000003,0.7599999999999998,5.551115123125783e-16
313,3,PLACE_AT_2,1.0666666666666669,1.0666666666666669,0.0
313,3,PLACE_AT_3,0.2666666666666666,0.266666666666666,6.106226635438361e-16
313,3,PLACE_AT_5,-0.9333333333333332,-0.9333333333333332,0.0
313,3,PLACE_AT_10,0.1333333333333333,0.1333333333333332,1.1102230246251565e-16
313,4,PLACE_AT_1,-1.7200000000000015,-1.7200000000000015,0.0
313,4,PLACE_AT_2,-0.3600000000000013,-0.3600000000000014,5.551115123125783e-17
313,4,PLACE_AT_3,-1.6933333333333356,-1.693333333333335,6.661338147750939e-16
313,4,PLACE_AT_5,-1.4400000000000015,-1.4400000000000013,2.220446049250313e-16
313,4,PLACE_AT_10,0.6,0.6,0.0
313,5,PLACE_AT_1,3.226666666666668,3.2266666666666675,4.440892098500626e-16
313,5,PLACE_AT_2,2.160000000000001,2.1600000000000006,4.440892098500626e-16
313,5,PLACE_AT_3,1.5600000000000025,1.560000000000001,1.5543122344752192e-15
313,5,PLACE_AT_5,0.3066666666666682,0.3066666666666672,9.992007221626409e-16
313,5,PLACE_AT_10,-0.773333333333333,-0.7733333333333339,8.881784197001252e-16
313,6,PLACE_AT_1,2.426666666666669,2.4266666666666645,4.440892098500626e-15
313,6,PLACE_AT_2,3.519999999999997,3.5199999999999982,1.3322676295501878e-15
313,6,PLACE_AT_3,3.119999999999997,3.1199999999999988,1.7763568394002505e-15
313,6,PLACE_AT_5,2.306666666666666,2.306666666666666,0.0
313,6,PLACE_AT_10,1.7866666666666675,1.7866666666666655,1.9984014443252818e-15
313,7,PLACE_AT_1,2.173333333333332,2.173333333333333,8.881784197001252e-16
313,7,PLACE_AT_2,1.6266666666666645,1.6266666666666667,2.220446049250313e-15
313,7,PLACE_AT_3,1.773333333333334,1.7733333333333334,6.661338147750939e-16
313,7,PLACE_AT_5,1.9066666666666672,1.9066666666666665,6.661338147750939e-16
313,7,PLACE_AT_10,0.2666666666666666,0.2666666666666666,0.0
313,8,PLACE_AT_1,1.853333333333332,1.853333333333332,0.0
313,8,PLACE_AT_2,1.84,1.84,0.0
313,8,PLACE_AT_3,2.1066666666666665,2.106666666666667,4.440892098500626e-16
313,8,PLACE_AT_5,1.4,1.399999999999999,8.881784197001252e-16
313,8,PLACE_AT_10,0.2,0.2,0.0
317,1,PLACE_AT_1,1.0266666666666633,1.0266666666666646,1.3322676295501878e-15
317,1,PLACE_AT_2,2.173333333333331,2.173333333333332,8.881784197001252e-16
317,1,PLACE_AT_3,1.4933333333333336,1.4933333333333314,2.220446049250313e-15
317,1,PLACE_AT_5,2.506666666666665,2.5066666666666646,4.440892098500626e-16
317,1,PLACE_AT_10,0.6533333333333341,0.6533333333333334,6.661338147750939e-16
317,2,PLACE_AT_1,1.3600000000000003,1.3600000000000014,1.1102230246251565e-15
317,2,PLACE_AT_2,1.6399999999999997,1.64,2.220446049250313e-16
317,2,PLACE_AT_3,1.6133333333333306,1.6133333333333333,2.6645352591003757e-15
317,2,PLACE_AT_5,1.5866666666666684,1.586666666666668,4.440892098500626e-16
317,2,PLACE_AT_10,1.3866666666666618,1.3866666666666667,4.884981308350689e-15
317,3,PLACE_AT_1,1.9599999999999973,1.9599999999999973,0.0
317,3,PLACE_AT_2,1.600000000000001,1.5999999999999983,2.6645352591003757e-15
317,3,PLACE_AT_3,2.586666666666668,2.5866666666666656,2.220446049250313e-15
317,3,PLACE_AT_5,1.5066666666666673,1.5066666666666664,8.881784197001252e-16
317,3,PLACE_AT_10,0.2,0.2,0.0
317,4,PLACE_AT_1,3.0799999999999974,3.0799999999999983,8.881784197001252e-16
317,4,PLACE_AT_2,3.0266666666666637,3.026666666666665,1.3322676295501878e-15
317,4,PLACE_AT_3,3.666666666666661,3.6666666666666656,4.440892098500626e-15
317,4,PLACE_AT_5,1.3599999999999983,1.3599999999999983,0.0
317,4,PLACE_AT_10,2.226666666666667,2.2266666666666657,1.3322676295501878e-15
317,5,PLACE_AT_1,4.119999999999999,4.12,8.881784197001252e-16
317,5,PLACE_AT_2,3.6666666666666665,3.666666666666666,4.440892098500626e-16
317,5,PLACE_AT_3,3.973333333333331,3.9733333333333314,4.440892098500626e-16
317,5,PLACE_AT_5,2.866666666666666,2.8666666666666654,4.440892098500626e-16
317,5,PLACE_AT_10,1.2533333333333303,1.253333333333332,1.7763568394002505e-15
317,6,PLACE_AT_1,0.2533333333333322,0.2533333333333316,6.106226635438361e-16
317,6,PLACE_AT_2,0.0666666666666676,0.0666666666666648,2.789435349370706e-15
317,6,PLACE_AT_3,0.626666666666668,0.6266666666666657,2.3314683517128287e-15
317,6,PLACE_AT_5,1.7066666666666672,1.7066666666666643,2.886579864025407e-15
317,6,PLACE_AT_10,1.346666666666666,1.346666666666667,8.881784197001252e-16
317,7,PLACE_AT_1,3.493333333333332,3.4933333333333327,8.881784197001252e-16
317,7,PLACE_AT_2,3.799999999999996,3.8,3.9968028886505635e-15
317,7,PLACE_AT_3,3.7599999999999993,3.760000000000001,1.7763568394002505e-15
317,7,PLACE_AT_5,2.946666666666659,2.9466666666666668,7.549516567451064e-15
317,7,PLACE_AT_10,0.0,0.0,0.0
317,8,PLACE_AT_1,1.6266666666666652,1.6266666666666652,0.0
317,8,PLACE_AT_2,1.1599999999999986,1.1599999999999986,0.0
317,8,PLACE_AT_3,1.893333333333332,1.893333333333332,0.0
317,8,PLACE_AT_5,-0.3466666666666697,-0.3466666666666666,3.0531133177191805e-15
317,8,PLACE_AT_10,-0.2,-0.2,0.0
331,1,PLACE_AT_1,3.733333333333335,3.733333333333334,1.3322676295501878e-15
331,1,PLACE_AT_2,4.266666666666668,4.266666666666668,0.0
331,1,PLACE_AT_3,0.9200000000000008,0.9200000000000016,7.771561172376096e-16
331,1,PLACE_AT_5,0.9999999999999962,1.0000000000000004,4.218847493575595e-15
331,1,PLACE_AT_10,-0.1333333333333333,-0.1333333333333333,0.0
331,2,PLACE_AT_1,1.239999999999994,1.239999999999999,5.10702591327572e-15
331,2,PLACE_AT_2,1.3333333333333317,1.333333333333334,2.220446049250313e-15
331,2,PLACE_AT_3,0.7066666666666624,0.7066666666666674,4.9960036108132044e-15
331,2,PLACE_AT_5,0.8933333333333299,0.8933333333333328,2.886579864025407e-15
331,2,PLACE_AT_10,0.1333333333333333,0.1333333333333333,0.0
331,3,PLACE_AT_1,4.373333333333331,4.373333333333334,2.6645352591003757e-15
331,3,PLACE_AT_2,4.039999999999997,4.040000000000001,3.552713678800501e-15
331,3,PLACE_AT_3,4.306666666666664,4.306666666666668,4.440892098500626e-15
331,3,PLACE_AT_5,3.2666666666666666,3.2666666666666666,0.0
331,3,PLACE_AT_10,1.4133333333333344,1.4133333333333336,8.881784197001252e-16
331,4,PLACE_AT_1,3.426666666666669,3.4266666666666685,4.440892098500626e-16
331,4,PLACE_AT_2,4.6400000000000015,4.6400000000000015,0.0
331,4,PLACE_AT_3,4.173333333333335,4.173333333333336,8.881784197001252e-16
331,4,PLACE_AT_5,3.960000000000002,3.960000000000001,1.3322676295501878e-15
331,4,PLACE_AT_10,1.0,1.0,0.0
331,5,PLACE_AT_1,1.6133333333333288,1.6133333333333333,4.440892098500626e-15
331,5,PLACE_AT_2,2.426666666666663,2.426666666666667,3.9968028886505635e-15
331,5,PLACE_AT_3,2.6133333333333346,2.613333333333334,4.440892098500626e-16
331,5,PLACE_AT_5,1.5599999999999947,1.5599999999999994,4.6629367034256575e-15
331,5,PLACE_AT_10,2.093333333333332,2.0933333333333337,1.7763568394002505e-15
331,6,PLACE_AT_1,1.8933333333333355,1.8933333333333344,1.1102230246251565e-15
331,6,PLACE_AT_2,1.680000000000003,1.6800000000000015,1.5543122344752192e-15
331,6,PLACE_AT_3,1.8266666666666689,1.8266666666666684,4.440892098500626e-16
331,6,PLACE_AT_5,1.5733333333333348,1.5733333333333344,4.440892098500626e-16
331,6,PLACE_AT_10,0.4666666666666667,0.4666666666666667,0.0
331,7,PLACE_AT_1,2.7066666666666643,2.7066666666666674,3.1086244689504383e-15
331,7,PLACE_AT_2,3.373333333333329,3.373333333333334,4.884981308350689e-15
331,7,PLACE_AT_3,3.1333333333333275,3.1333333333333333,5.773159728050814e-15
331,7,PLACE_AT_5,1.6133333333333306,1.613333333333334,3.3306690738754696e-15
331,7,PLACE_AT_10,0.0,0.0,0.0
331,8,PLACE_AT_1,2.2133333333333343,2.2133333333333334,8.881784197001252e-16
331,8,PLACE_AT_2,2.453333333333336,2.4533333333333336,2.220446049250313e-15
331,8,PLACE_AT_3,2.7866666666666693,2.7866666666666675,1.7763568394002505e-15
331,8,PLACE_AT_5,3.466666666666667,3.466666666666668,1.3322676295501878e-15
331,8,PLACE_AT_10,0.5866666666666656,0.5866666666666672,1.6653345369377348e-15
337,1,PLACE_AT_1,4.053333333333336,4.053333333333332,4.440892098500626e-15
337,1,PLACE_AT_2,2.6400000000000032,2.6399999999999992,3.9968028886505635e-15
337,1,PLACE_AT_3,1.3866666666666694,1.3866666666666658,3.552713678800501e-15
337,1,PLACE_AT_5,1.0666666666666669,1.066666666666665,1.7763568394002505e-15
337,1,PLACE_AT_10,0.4,0.4,0.0
337,2,PLACE_AT_1,0.7333333333333343,0.7333333333333314,2.886579864025407e-15
337,2,PLACE_AT_2,0.199999999999999,0.1999999999999988,2.220446049250313e-16
337,2,PLACE_AT_3,0.7733333333333292,0.773333333333332,2.7755575615628914e-15
337,2,PLACE_AT_5,-0.1200000000000026,-0.1200000000000012,1.4016565685892601e-15
337,2,PLACE_AT_10,0.0399999999999977,0.0399999999999984,7.008282842946301e-16
337,3,PLACE_AT_1,0.7466666666666659,0.7466666666666626,3.3306690738754696e-15
337,3,PLACE_AT_2,1.5066666666666664,1.506666666666663,3.3306690738754696e-15
337,3,PLACE_AT_3,1.026666666666665,1.0266666666666633,1.7763568394002505e-15
337,3,PLACE_AT_5,2.239999999999997,2.239999999999997,0.0
337,3,PLACE_AT_10,-0.4799999999999992,-0.4799999999999997,4.996003610813204e-16
337,4,PLACE_AT_1,2.4799999999999973,2.479999999999998,8.881784197001252e-16
337,4,PLACE_AT_2,4.160000000000002,4.159999999999999,2.6645352591003757e-15
337,4,PLACE_AT_3,3.0133333333333345,3.013333333333335,4.440892098500626e-16
337,4,PLACE_AT_5,1.706666666666668,1.7066666666666663,1.7763568394002505e-15
337,4,PLACE_AT_10,0.1333333333333333,0.1333333333333328,4.996003610813204e-16
337,5,PLACE_AT_1,-0.8133333333333307,-0.8133333333333338,3.1086244689504383e-15
337,5,PLACE_AT_2,-0.7466666666666668,-0.7466666666666666,2.220446049250313e-16
337,5,PLACE_AT_3,-0.9866666666666684,-0.9866666666666668,1.5543122344752192e-15
337,5,PLACE_AT_5,-1.6666666666666647,-1.6666666666666672,2.4424906541753444e-15
337,5,PLACE_AT_10,-0.226666666666667,-0.2266666666666673,3.0531133177191805e-16
337,6,PLACE_AT_1,1.3733333333333386,1.373333333333334,4.6629367034256575e-15
337,6,PLACE_AT_2,1.960000000000004,1.9600000000000013,2.6645352591003757e-15
337,6,PLACE_AT_3,2.280000000000005,2.280000000000001,3.9968028886505635e-15
337,6,PLACE_AT_5,-0.0666666666666666,-0.0666666666666666,0.0
337,6,PLACE_AT_10,0.0933333333333337,0.093333333333333,6.938893903907228e-16
337,7,PLACE_AT_1,4.053333333333338,4.053333333333333,5.329070518200751e-15
337,7,PLACE_AT_2,2.480000000000005,2.4799999999999995,5.329070518200751e-15
337,7,PLACE_AT_3,1.9733333333333387,1.973333333333333,5.773159728050814e-15
337,7,PLACE_AT_5,0.8933333333333319,0.8933333333333326,7.771561172376096e-16
337,7,PLACE_AT_10,0.0533333333333303,0.0533333333333331,2.8033131371785203e-15
337,8,PLACE_AT_1,0.1466666666666659,0.1466666666666664,4.996003610813204e-16
337,8,PLACE_AT_2,-1.3733333333333406,-1.3733333333333324,8.215650382226158e-15
337,8,PLACE_AT_3,-0.8933333333333375,-0.893333333333333,4.551914400963142e-15
337,8,PLACE_AT_5,-0.480000000000003,-0.4799999999999999,3.0531133177191805e-15
337,8,PLACE_AT_10,-0.7733333333333349,-0.773333333333333,1.887379141862766e-15
347,1,PLACE_AT_1,5.320000000000007,5.320000000000003,4.440892098500626e-15
347,1,PLACE_AT_2,4.600000000000009,4.600000000000002,7.105427357601002e-15
347,1,PLACE_AT_3,4.506666666666674,4.506666666666669,5.329070518200751e-15
347,1,PLACE_AT_5,1.7466666666666697,1.7466666666666677,1.9984014443252818e-15
347,1,PLACE_AT_10,1.5066666666666626,1.5066666666666677,5.10702591327572e-15
347,2,PLACE_AT_1,0.4800000000000068,0.4799999999999995,7.327471962526033e-15
347,2,PLACE_AT_2,0.9600000000000004,0.9599999999999996,7.771561172376096e-16
347,2,PLACE_AT_3,1.2133333333333365,1.213333333333334,2.4424906541753444e-15
347,2,PLACE_AT_5,1.8133333333333364,1.8133333333333348,1.5543122344752192e-15
347,2,PLACE_AT_10,0.2533333333333341,0.2533333333333336,4.996003610813204e-16
347,3,PLACE_AT_1,5.3333333333333375,5.333333333333333,4.440892098500626e-15
347,3,PLACE_AT_2,5.573333333333333,5.573333333333333,0.0
347,3,PLACE_AT_3,4.106666666666672,4.1066666666666665,5.329070518200751e-15
347,3,PLACE_AT_5,4.320000000000003,4.320000000000002,8.881784197001252e-16
347,3,PLACE_AT_10,2.853333333333334,2.853333333333334,0.0
347,4,PLACE_AT_1,2.9333333333333296,2.933333333333336,6.217248937900877e-15
347,4,PLACE_AT_2,2.333333333333326,2.3333333333333344,8.43769498715119e-15
347,4,PLACE_AT_3,2.5733333333333275,2.5733333333333337,6.217248937900877e-15
347,4,PLACE_AT_5,2.8533333333333286,2.8533333333333344,5.773159728050814e-15
347,4,PLACE_AT_10,-0.1466666666666659,-0.1466666666666659,0.0
347,5,PLACE_AT_1,2.146666666666666,2.1466666666666687,2.6645352591003757e-15
347,5,PLACE_AT_2,1.69333333333333,1.693333333333335,4.884981308350689e-15
347,5,PLACE_AT_3,1.7333333333333296,1.7333333333333345,4.884981308350689e-15
347,5,PLACE_AT_5,0.4266666666666651,0.426666666666667,1.942890293094024e-15
347,5,PLACE_AT_10,0.4533333333333341,0.4533333333333331,9.992007221626409e-16
347,6,PLACE_AT_1,1.6,1.6,0.0
347,6,PLACE_AT_2,1.5333333333333334,1.5333333333333334,0.0
347,6,PLACE_AT_3,1.6133333333333326,1.6133333333333335,8.881784197001252e-16
347,6,PLACE_AT_5,1.1066666666666682,1.1066666666666662,1.9984014443252818e-15
347,6,PLACE_AT_10,0.0,0.0,0.0
347,7,PLACE_AT_1,1.6933333333333318,1.6933333333333342,2.4424906541753444e-15
347,7,PLACE_AT_2,1.6000000000000076,1.600000000000002,5.551115123125783e-15
347,7,PLACE_AT_3,0.6533333333333416,0.653333333333335,6.661338147750939e-15
347,7,PLACE_AT_5,0.7866666666666731,0.7866666666666665,6.5503158452884236e-15
347,7,PLACE_AT_10,1.960000000000006,1.9599999999999995,6.439293542825908e-15
347,8,PLACE_AT_1,1.1199999999999988,1.1199999999999994,6.661338147750939e-16
347,8,PLACE_AT_2,2.7866666666666657,2.786666666666666,4.440892098500626e-16
347,8,PLACE_AT_3,3.173333333333333,3.1733333333333333,4.440892098500626e-16
347,8,PLACE_AT_5,2.693333333333332,2.6933333333333334,1.3322676295501878e-15
347,8,PLACE_AT_10,1.133333333333337,1.1333333333333324,4.6629367034256575e-15
349,1,PLACE_AT_1,0.986666666666658,0.9866666666666696,1.1546319456101628e-14
349,1,PLACE_AT_2,1.5999999999999923,1.6000000000000023,9.992007221626409e-15
349,1,PLACE_AT_3,2.613333333333329,2.6133333333333337,4.884981308350689e-15
349,1,PLACE_AT_5,2.346666666666664,2.346666666666665,8.881784197001252e-16
349,1,PLACE_AT_10,0.7333333333333333,0.7333333333333333,0.0
349,2,PLACE_AT_1,3.960000000000006,3.96,6.217248937900877e-15
349,2,PLACE_AT_2,4.426666666666673,4.426666666666667,6.217248937900877e-15
349,2,PLACE_AT_3,2.4400000000000053,2.4400000000000017,3.552713678800501e-15
349,2,PLACE_AT_5,3.3866666666666694,3.3866666666666663,3.1086244689504383e-15
349,2,PLACE_AT_10,1.5333333333333334,1.5333333333333334,0.0
349,3,PLACE_AT_1,2.226666666666665,2.2266666666666675,2.6645352591003757e-15
349,3,PLACE_AT_2,3.146666666666664,3.1466666666666683,4.440892098500626e-15
349,3,PLACE_AT_3,1.6400000000000017,1.640000000000004,2.220446049250313e-15
349,3,PLACE_AT_5,0.1599999999999966,0.1600000000000022,5.6066262743570405e-15
349,3,PLACE_AT_10,1.2666666666666648,1.2666666666666662,1.3322676295501878e-15
349,4,PLACE_AT_1,0.6266666666666595,0.6266666666666662,6.661338147750939e-15
349,4,PLACE_AT_2,-0.9200000000000064,-0.9200000000000016,4.773959005888173e-15
349,4,PLACE_AT_3,0.4266666666666595,0.4266666666666656,6.106226635438361e-15
349,4,PLACE_AT_5,0.1733333333333329,0.1733333333333315,1.3877787807814457e-15
349,4,PLACE_AT_10,-0.0399999999999996,-0.0399999999999991,4.996003610813204e-16
349,5,PLACE_AT_1,2.7866666666666484,2.7866666666666657,1.7319479184152442e-14
349,5,PLACE_AT_2,1.9066666666666512,1.9066666666666665,1.532107773982716e-14
349,5,PLACE_AT_3,1.826666666666652,1.8266666666666656,1.354472090042691e-14
349,5,PLACE_AT_5,1.7333333333333238,1.7333333333333334,9.547918011776346e-15
349,5,PLACE_AT_10,1.693333333333328,1.6933333333333342,6.217248937900877e-15
349,6,PLACE_AT_1,3.826666666666661,3.826666666666669,7.993605777301127e-15
349,6,PLACE_AT_2,4.039999999999992,4.040000000000002,9.769962616701378e-15
349,6,PLACE_AT_3,3.306666666666655,3.3066666666666675,1.2434497875801753e-14
349,6,PLACE_AT_5,3.706666666666655,3.706666666666668,1.2878587085651816e-14
349,6,PLACE_AT_10,0.026666666666667,0.026666666666667,0.0
349,7,PLACE_AT_1,2.4533333333333305,2.453333333333333,2.6645352591003757e-15
349,7,PLACE_AT_2,2.026666666666667,2.0266666666666664,4.440892098500626e-16
349,7,PLACE_AT_3,1.9600000000000004,1.9599999999999995,8.881784197001252e-16
349,7,PLACE_AT_5,1.8266666666666689,1.826666666666668,8.881784197001252e-16
349,7,PLACE_AT_10,0.2,0.2,0.0
349,8,PLACE_AT_1,0.2799999999999878,0.2800000000000026,1.4765966227514582e-14
349,8,PLACE_AT_2,0.4266666666666537,0.4266666666666684,1.4710455076283324e-14
349,8,PLACE_AT_3,1.7733333333333197,1.7733333333333354,1.5765166949677223e-14
349,8,PLACE_AT_5,-0.1866666666666825,-0.186666666666665,1.7486012637846216e-14
349,8,PLACE_AT_10,0.4399999999999958,0.4400000000000022,6.439293542825908e-15
353,1,PLACE_AT_1,1.6400000000000017,1.6399999999999997,1.9984014443252818e-15
353,1,PLACE_AT_2,1.9066666666666685,1.9066666666666665,1.9984014443252818e-15
353,1,PLACE_AT_3,1.973333333333335,1.9733333333333327,2.220446049250313e-15
353,1,PLACE_AT_5,0.6266666666666689,0.6266666666666658,3.1086244689504383e-15
353,1,PLACE_AT_10,1.0666666666666669,1.0666666666666662,6.661338147750939e-16
353,2,PLACE_AT_1,4.040000000000005,4.039999999999997,7.993605777301127e-15
353,2,PLACE_AT_2,3.04,3.04,0.0
353,2,PLACE_AT_3,4.146666666666667,4.146666666666666,1.7763568394002505e-15
353,2,PLACE_AT_5,2.5866666666666718,2.5866666666666664,5.329070518200751e-15
353,2,PLACE_AT_10,0.4533333333333341,0.4533333333333331,9.992007221626409e-16
353,3,PLACE_AT_1,2.7600000000000025,2.7599999999999976,4.884981308350689e-15
353,3,PLACE_AT_2,2.466666666666667,2.466666666666664,2.6645352591003757e-15
353,3,PLACE_AT_3,3.480000000000003,3.479999999999998,4.884981308350689e-15
353,3,PLACE_AT_5,1.4800000000000049,1.4800000000000006,4.218847493575595e-15
353,3,PLACE_AT_10,0.880000000000003,0.8800000000000007,2.3314683517128287e-15
353,4,PLACE_AT_1,3.560000000000008,3.5600000000000005,7.549516567451064e-15
353,4,PLACE_AT_2,2.680000000000005,2.68,4.884981308350689e-15
353,4,PLACE_AT_3,2.5600000000000063,2.5600000000000005,5.773159728050814e-15
353,4,PLACE_AT_5,2.200000000000002,2.2,1.7763568394002505e-15
353,4,PLACE_AT_10,0.8000000000000038,0.8000000000000009,2.886579864025407e-15
353,5,PLACE_AT_1,1.3599999999999983,1.3599999999999974,8.881784197001252e-16
353,5,PLACE_AT_2,2.813333333333333,2.8133333333333312,1.7763568394002505e-15
353,5,PLACE_AT_3,1.9599999999999984,1.9599999999999984,0.0
353,5,PLACE_AT_5,0.626666666666667,0.6266666666666662,8.881784197001252e-16
353,5,PLACE_AT_10,1.0266666666666688,1.026666666666667,1.7763568394002505e-15
353,6,PLACE_AT_1,0.3333333333333447,0.3333333333333328,1.1879386363489175e-14
353,6,PLACE_AT_2,1.1866666666666787,1.1866666666666668,1.199040866595169e-14
353,6,PLACE_AT_3,0.4533333333333454,0.4533333333333333,1.2101430968414206e-14
353,6,PLACE_AT_5,0.4933333333333413,0.493333333333333,8.271161533457416e-15
353,6,PLACE_AT_10,0.0,0.0,0.0
353,7,PLACE_AT_1,3.1733333333333347,3.173333333333332,2.6645352591003757e-15
353,7,PLACE_AT_2,1.3733333333333329,1.373333333333332,8.881784197001252e-16
353,7,PLACE_AT_3,0.9599999999999984,0.9599999999999992,7.771561172376096e-16
353,7,PLACE_AT_5,2.1066666666666665,2.106666666666667,4.440892098500626e-16
353,7,PLACE_AT_10,0.0,0.0,0.0
353,8,PLACE_AT_1,0.4266666666666708,0.4266666666666687,2.1094237467877974e-15
353,8,PLACE_AT_2,-0.546666666666664,-0.5466666666666662,2.220446049250313e-15
353,8,PLACE_AT_3,-0.1066666666666625,-0.106666666666666,3.497202527569243e-15
353,8,PLACE_AT_5,-0.3333333333333314,-0.3333333333333338,2.3869795029440866e-15
353,8,PLACE_AT_10,0.2933333333333318,0.293333333333333,1.2212453270876722e-15
359,1,PLACE_AT_1,3.24,3.24,0.0
359,1,PLACE_AT_2,2.3600000000000003,2.36,4.440892098500626e-16
359,1,PLACE_AT_3,3.4533333333333323,3.453333333333333,8.881784197001252e-16
359,1,PLACE_AT_5,2.399999999999998,2.399999999999999,8.881784197001252e-16
359,1,PLACE_AT_10,0.6666666666666666,0.6666666666666666,0.0
359,2,PLACE_AT_1,2.906666666666668,2.9066666666666667,1.3322676295501878e-15
359,2,PLACE_AT_2,2.533333333333337,2.533333333333334,3.1086244689504383e-15
359,2,PLACE_AT_3,1.9866666666666688,1.986666666666668,8.881784197001252e-16
359,2,PLACE_AT_5,2.8000000000000096,2.800000000000002,7.549516567451064e-15
359,2,PLACE_AT_10,1.2399999999999978,1.239999999999999,1.3322676295501878e-15
359,3,PLACE_AT_1,1.6399999999999997,1.64,2.220446049250313e-16
359,3,PLACE_AT_2,-0.5733333333333329,-0.5733333333333318,1.1102230246251565e-15
359,3,PLACE_AT_3,-0.4799999999999992,-0.479999999999999,2.220446049250313e-16
359,3,PLACE_AT_5,-1.0400000000000016,-1.0399999999999996,1.9984014443252818e-15
359,3,PLACE_AT_10,0.1333333333333333,0.1333333333333333,0.0
359,4,PLACE_AT_1,1.0800000000000012,1.0800000000000003,8.881784197001252e-16
359,4,PLACE_AT_2,0.5866666666666618,0.5866666666666662,4.440892098500626e-15
359,4,PLACE_AT_3,1.2533333333333243,1.2533333333333323,7.993605777301127e-15
359,4,PLACE_AT_5,0.5066666666666625,0.5066666666666658,3.3306690738754696e-15
359,4,PLACE_AT_10,-0.1466666666666659,-0.1466666666666664,4.996003610813204e-16
359,5,PLACE_AT_1,0.8400000000000015,0.8400000000000009,6.661338147750939e-16
359,5,PLACE_AT_2,1.1066666666666625,1.106666666666667,4.440892098500626e-15
359,5,PLACE_AT_3,2.479999999999999,2.479999999999999,0.0
359,5,PLACE_AT_5,0.7333333333333333,0.7333333333333333,0.0
359,5,PLACE_AT_10,0.0,0.0,0.0
359,6,PLACE_AT_1,0.9866666666666598,0.986666666666665,5.218048215738236e-15
359,6,PLACE_AT_2,-0.0133333333333382,-0.0133333333333344,3.800779135865184e-15
359,6,PLACE_AT_3,0.1866666666666598,0.186666666666665,5.218048215738236e-15
359,6,PLACE_AT_5,0.0933333333333318,0.0933333333333327,9.020562075079397e-16
359,6,PLACE_AT_10,-1.3200000000000045,-1.3200000000000007,3.774758283725532e-15
359,7,PLACE_AT_1,2.8666666666666667,2.866666666666668,1.3322676295501878e-15
359,7,PLACE_AT_2,1.480000000000001,1.480000000000001,0.0
359,7,PLACE_AT_3,1.5466666666666675,1.5466666666666682,6.661338147750939e-16
359,7,PLACE_AT_5,2.0133333333333345,2.013333333333335,4.440892098500626e-16
359,7,PLACE_AT_10,0.9200000000000008,0.9200000000000012,3.3306690738754696e-16
359,8,PLACE_AT_1,4.666666666666667,4.666666666666666,8.881784197001252e-16
359,8,PLACE_AT_2,3.346666666666672,3.346666666666666,6.217248937900877e-15
359,8,PLACE_AT_3,2.066666666666672,2.066666666666667,5.329070518200751e-15
359,8,PLACE_AT_5,0.9600000000000004,0.9599999999999976,2.7755575615628914e-15
359,8,PLACE_AT_10,0.5733333333333348,0.5733333333333323,2.55351295663786e-15
367,1,PLACE_AT_1,4.053333333333332,4.053333333333336,4.440892098500626e-15
367,1,PLACE_AT_2,5.493333333333331,5.493333333333334,2.6645352591003757e-15
367,1,PLACE_AT_3,3.29333333333333,3.293333333333334,3.9968028886505635e-15
367,1,PLACE_AT_5,3.199999999999998,3.2,2.220446049250313e-15
367,1,PLACE_AT_10,1.999999999999998,2.0000000000000004,2.4424906541753444e-15
367,2,PLACE_AT_1,0.933333333333339,0.933333333333335,3.9968028886505635e-15
367,2,PLACE_AT_2,1.3733333333333368,1.3733333333333335,3.3306690738754696e-15
367,2,PLACE_AT_3,1.2400000000000015,1.2400000000000009,6.661338147750939e-16
367,2,PLACE_AT_5,1.706666666666668,1.7066666666666683,2.220446049250313e-16
367,2,PLACE_AT_10,0.0133333333333363,0.0133333333333339,2.400857290751901e-15
367,3,PLACE_AT_1,7.3599999999999985,7.360000000000002,3.552713678800501e-15
367,3,PLACE_AT_2,4.186666666666675,4.18666666666667,5.329070518200751e-15
367,3,PLACE_AT_3,3.600000000000004,3.600000000000002,2.220446049250313e-15
367,3,PLACE_AT_5,3.360000000000008,3.360000000000002,5.773159728050814e-15
367,3,PLACE_AT_10,-0.2666666666666666,-0.2666666666666666,0.0
367,4,PLACE_AT_1,2.280000000000005,2.2800000000000025,2.6645352591003757e-15
367,4,PLACE_AT_2,0.7600000000000022,0.7600000000000032,9.992007221626409e-16
367,4,PLACE_AT_3,0.5333333333333352,0.5333333333333357,4.440892098500626e-16
367,4,PLACE_AT_5,-1.773333333333331,-1.773333333333331,0.0
367,4,PLACE_AT_10,-0.4,-0.4,0.0
367,5,PLACE_AT_1,1.453333333333336,1.4533333333333336,2.4424906541753444e-15
367,5,PLACE_AT_2,2.506666666666672,2.506666666666668,3.9968028886505635e-15
367,5,PLACE_AT_3,2.6666666666666723,2.666666666666667,5.329070518200751e-15
367,5,PLACE_AT_5,2.253333333333338,2.2533333333333334,4.440892098500626e-15
367,5,PLACE_AT_10,0.3333333333333333,0.3333333333333333,0.0
367,6,PLACE_AT_1,2.159999999999991,2.1600000000000046,1.3766765505351941e-14
367,6,PLACE_AT_2,2.1599999999999877,2.1600000000000024,1.4654943925052066e-14
367,6,PLACE_AT_3,1.1866666666666617,1.18666666666667,8.43769498715119e-15
367,6,PLACE_AT_5,1.1599999999999946,1.1600000000000048,1.021405182655144e-14
367,6,PLACE_AT_10,-0.0399999999999977,-0.0399999999999991,1.4016565685892601e-15
367,7,PLACE_AT_1,1.9600000000000024,1.960000000000004,1.5543122344752192e-15
367,7,PLACE_AT_2,1.2666666666666704,1.2666666666666702,2.220446049250313e-16
367,7,PLACE_AT_3,3.506666666666668,3.506666666666671,2.6645352591003757e-15
367,7,PLACE_AT_5,1.9200000000000048,1.9200000000000024,2.4424906541753444e-15
367,7,PLACE_AT_10,-0.0133333333333325,-0.0133333333333321,3.9898639947466563e-16
367,8,PLACE_AT_1,3.88,3.880000000000002,2.220446049250313e-15
367,8,PLACE_AT_2,3.1333333333333333,3.133333333333335,1.7763568394002505e-15
367,8,PLACE_AT_3,2.333333333333333,2.333333333333335,1.7763568394002505e-15
367,8,PLACE_AT_5,1.8,1.8,0.0
367,8,PLACE_AT_10,0.0,0.0,0.0
